Date,TVL,price,market_cap,total_volume,StablesMCap,StakingRewards,StakedAmount,Liquidity,InterestRate,TVL_TOKEN
2022-12-05,305817.461437686,4.347451161528617,1189052179.4640582,33505322.104423195,,,364440622.7426538,2.817817643589456,3.83,70344.08210123672
2022-12-06,281333.64846086496,4.432104223877632,1217171168.8706615,44628373.903642535,,,364489941.95031697,3.666565150820198,3.83,63476.31604536754
2022-12-07,289757.375796889,4.384131481274781,1201532031.0665934,20128434.93724001,,,364407142.15380967,1.6752308233823867,3.83,66092.30973899437
2022-12-08,280004.7448928729,4.17390021916442,1146884825.9123445,25463044.66861935,,,364377714.49078375,2.2201919576678986,3.83,67084.67624770569
2022-12-09,292609.907206,4.29421330257309,1180234963.635341,23958771.13686087,,,364520473.9745762,2.0300001165076016,3.83,68140.51529081434
2022-12-10,298172.03503853246,4.375454953186093,1202589485.2330167,36318835.55083461,,,364632747.6856534,3.0200526444647386,3.83,68146.52149976113
2022-12-11,298150.02426209,4.407259453664052,1224686892.5811727,13525240.887725646,,,364615600.7728428,1.1043835750719595,3.83,67649.75545386097
2022-12-12,280274.382371984,4.222746074103423,1174944030.2074578,16684440.32989842,,,364701618.5465571,1.4200200095448359,3.83,66372.53991917857
2022-12-13,282847.24093330617,4.166693222034864,1160675004.855066,22311803.19299969,,,364518053.76483345,1.9223127145557664,3.83,67882.90518666351
2022-12-14,313754.8610494884,4.158794147704651,1159689124.1358144,32820561.28509574,,,364548401.19722193,2.83011719279106,3.83,75443.71034153207
2022-12-15,294961.9360561267,3.9992673049104206,1119647469.321711,25433151.938215952,,,364676131.9350257,2.2715321237338664,4.33,73753.99381130729
2022-12-16,292903.6600202057,3.916718809612919,1095045782.3962038,18784267.44061084,,,364407242.0727309,1.7153864927461466,4.33,74782.9176047368
2022-12-17,283274.323993661,3.548998310039146,989408280.9644142,28611633.880869437,,,364528465.66090184,2.8917924411326514,4.33,79818.10619417748
2022-12-18,271567.185722833,3.69132610119998,1031826801.9002706,43341661.2043156,,,364538059.2773004,4.200478328775251,4.33,73569.00427587572
2022-12-19,275995.812033,3.692514702643989,1032427035.6981432,10864014.18868078,,,364373713.4649931,1.0522791260821995,4.33,74744.67517634416
2022-12-20,259646.72393159496,3.489354360161215,978668523.3490866,19978926.306661583,,,364395810.89237416,2.0414395507778265,4.33,74411.10793906261
2022-12-21,269018.1100956,3.7303713306210553,1042834357.1211628,20922064.201628186,,,364369859.8899354,2.0062691700516475,4.33,72115.63843184807
2022-12-22,275387.52908767096,3.706444315139589,1033191945.0245774,16725297.14157454,,,364409649.0436224,1.6187986387347106,4.33,74299.65370390289
2022-12-23,276818.892901551,3.739089074174976,1043045690.9641294,17009887.21424905,,,364409649.0436224,1.630790229191793,4.33,74033.77865841045
2022-12-24,263938.832845688,3.663068342043904,1021651651.9540136,16726983.420479346,,,364430166.78380287,1.6372491923726913,4.33,72054.02908164593
2022-12-25,267192.417939447,3.757726804796031,1050120200.9686698,10732899.725186065,,,364499141.0053,1.0220639232809388,4.33,71104.80133851831
2022-12-26,265113.456591984,3.769629372686983,1049737375.7684264,12925802.96548126,,,364491820.796206,1.231336833750379,4.33,70328.78577211736
2022-12-27,269737.13398932293,3.853735717760821,1075489191.260739,23407351.699862376,,,364396562.1327682,2.176437651820859,4.33,69993.67723795323
2022-12-28,263732.9183101261,3.8354053709649674,1067474642.5544318,15537491.532417629,,,364265889.8595622,1.4555372945662597,4.33,68762.72331124476
2022-12-29,278554.570487,3.968193518801308,1108231760.262664,37699269.78633587,,,364282978.3271784,3.4017496283810433,4.33,70196.82108929617
2022-12-30,273977.48914536,4.019907196858656,1121812363.72507,33510467.90661663,,,364267631.0226183,2.987172274991013,4.33,68155.17765172759
2022-12-31,284018.074682,4.119525779017831,1150241946.3770986,26317034.39869664,,,364273385.11171216,2.287956414873153,4.33,68944.3615400108
2023-01-01,269981.906315121,3.932090641942306,1100554469.471033,22362665.181729145,,,363900544.24181247,2.0319453331989523,4.33,68661.16041052401
2023-01-02,273340.291021,4.01605482939578,1120949095.6373725,17974205.62413225,,,363840084.0545219,1.603480987146174,4.33,68061.89223819047
2023-01-03,273304.322652,3.969278257688743,1112066668.2891133,39603318.002464846,,,363848739.717118,3.5612359521029044,4.33,68854.91641272372
2023-01-04,267265.843234,3.9122546054823113,1093263736.467969,38677089.24035541,,,363990167.4650268,3.5377638487589764,4.33,68315.04341754131
2023-01-05,268124.663301495,3.952231985654032,1102452312.894519,30579468.884718142,,,363928756.73955816,2.7737679468811582,4.33,67841.32719808567
2023-01-06,259395.7173,3.819670638054849,1067465305.4318634,24084956.98662532,,,363973114.0628744,2.2562753903164365,4.33,67910.49330685123
2023-01-07,265192.147548,3.910656750432061,1090847939.7554157,21398412.620822404,,,363951350.02267295,1.9616311165807625,4.33,67812.68837227936
2023-01-08,273595.798062587,4.015207787666248,1118785890.9382844,19694504.90500311,,,364018601.22884786,1.7603461989037112,4.33,68139.8852888778
2023-01-09,278440.7463831608,4.099378498977251,1145878261.3440194,22000627.01650838,,,364004525.16948146,1.9199794392384655,4.33,67922.67326684488
2023-01-10,293586.432113,4.242616084275549,1186428921.3803442,49280676.53778315,,,363999475.7742373,4.1536981819735,4.33,69199.3869539887
2023-01-11,297508.80968776933,4.313669728075468,1216976031.9882555,26497495.756271534,,,364052011.82556456,2.1773227294362396,4.33,68968.84287441775
2023-01-12,304636.44797238,4.341976421987208,1228984961.6094704,32690039.974360596,,,364095402.25549614,2.6599218863955785,4.33,70160.77895534862
2023-01-13,311375.6015508926,4.5088963245554,1276157811.3820713,50392559.34445369,,,363933805.25043213,3.9487717659212427,4.33,69058.05304396653
2023-01-14,308725.07756664697,4.603565284620313,1306725474.0230036,35522008.48389564,,,363857298.8262868,2.7183987141946777,4.33,67062.16996597011
2023-01-15,338496.248869779,5.117169278826445,1440711832.348187,104228349.85529768,,,363801183.74143535,7.234503633208732,4.33,66149.12081771284
2023-01-16,350249.211015591,5.148067478922513,1460143231.0961204,92696710.92025007,,,363815488.68858874,6.34846698228798,4.33,68035.0854858837
2023-01-17,340597.80729997176,5.026099069405561,1426551038.0442894,51139278.41339072,,,363840187.4268314,3.58481940355246,4.33,67765.83640645476
2023-01-18,352215.6582676021,5.115407415748209,1448885450.3614645,49756175.62847555,,,363903711.5461223,3.434100026062274,4.33,68853.88193778599
2023-01-19,340481.85369733226,4.961463585758151,1402232271.1800113,73007398.41908787,,,364011804.0229228,5.206512495797179,4.33,68625.28522323196
2023-01-20,348184.32092,5.1365433559150455,1462035251.921779,40458728.17331945,,,363799183.4207217,2.767288143027898,4.33,67785.72607959094
2023-01-21,382250.75456797343,5.542747169361478,1570184720.037034,58973157.33928768,,,363612382.8510269,3.7558101659463836,4.33,68964.13328771923
2023-01-22,376649.543815638,5.418062989786298,1539863865.4323275,65134646.21198907,,,363612382.8510269,4.229896400205615,4.33,69517.38001674543
2023-01-23,367421.522905437,5.565339444155737,1581548625.1409771,75750501.39803848,,,363515469.74075425,4.789641000844105,4.33,66019.60699652793
2023-01-24,390782.7272543219,5.815537869233627,1653961959.9738646,67419574.12812343,,,363461167.0868243,4.076246960914916,4.33,67196.31718361062
2023-01-25,372450.342142,5.507698828356294,1565868708.44107,48852712.27935191,,,363473039.8676506,3.119847278127688,4.33,67623.5854118322
2023-01-26,393568.6976978841,5.788028097133423,1646512291.287905,48953114.37779126,,,363590046.3247735,2.9731399295841303,4.33,67997.02611893036
2023-01-27,398128.18271025794,5.839186641924261,1664828195.2689078,59541740.09205595,,,363549886.9133851,3.5764495256183833,4.33,68182.12999936884
2023-01-28,410948.272569,6.042707647959503,1722058135.135635,61581316.80966992,,,363642746.31961256,3.5760300743168334,4.33,68007.30674232912
2023-01-29,406491.245944344,6.075490171005139,1710543037.0393524,41928785.02111991,,,363603881.2061189,2.4511973164785856,4.33,66906.74077365734
2023-01-30,412340.65382441046,6.2666769216328015,1781939754.5719533,58281641.95825987,,,363676754.5849039,3.2706853196762498,4.33,65798.93282849723
2023-01-31,376478.4558773519,5.781086666740874,1643740735.051561,50932442.845621936,,,363704922.8140571,3.098569121000964,4.33,65122.43762807904
2023-02-01,391823.801171803,5.887697033212251,1674400489.0170963,45737893.38316629,,,363560274.5306036,2.731598185928342,4.33,66549.58618990438
2023-02-02,401367.188767308,6.057089904590508,1723578412.2740855,73762047.6781097,,,363592046.86593896,4.279587580862551,4.58,66264.03026693106
2023-02-03,349263.51939324,5.784783416653688,1649295898.3931944,83674006.0155258,,,363523880.02462846,5.0733168073142085,4.58,60376.24820797142
2023-02-04,351909.157049,5.881485776211429,1674686963.1871655,38640659.14911281,,,363317133.7105393,2.307336236473364,4.58,59833.377217768764
2023-02-05,351848.8767629846,5.810034274010989,1655809322.1943588,29472697.938602924,,,363314551.70077753,1.7799572416674327,4.58,60558.829805333284
2023-02-06,336998.707103058,5.637973930427759,1607039671.3819616,46060211.20889854,,,363339067.25207937,2.866152717268604,4.58,59773.016204331674
2023-02-07,314042.68817821896,5.450934942983366,1551672190.8588362,36044235.983276784,,,363369919.0386382,2.322928528049899,4.58,57612.62819371302
2023-02-08,330758.98973974935,5.834662225755723,1665096754.266524,58601126.28573987,,,363313335.33027434,3.519382650622828,4.58,56688.62685481479
2023-02-09,318953.990446,5.726473408005729,1631834070.7260144,50390362.40734103,,,363402493.0889129,3.0879587153687758,4.57,55698.152723471256
2023-02-10,282562.078638,5.070619781612229,1446473889.921526,70340144.84180835,,,363489766.5700848,4.862869999376515,4.58,55725.35327193434
2023-02-11,286203.41869878,5.084040821991907,1469545313.046178,41695946.64634735,,,363558853.06958103,2.8373365745297794,4.58,56294.47691701394
2023-02-12,292898.281728,5.27534621667224,1523868756.1023889,25443707.279469077,,,363558143.8870832,1.669678387825645,4.58,55522.09650284606
2023-02-13,313528.3111678412,5.496982554238429,1590270215.5150766,69423734.84383224,,,363635128.79048216,4.365530723427805,4.58,57036.43918718575
2023-02-14,296852.813318,5.350421859814472,1546803878.9346094,74753965.37752852,,,363610902.7773988,4.832801778918264,4.58,55482.132268406494
2023-02-15,308033.657013082,5.530302475526266,1605580953.668079,48651026.4094016,,,364343122.23495185,3.030119801698844,4.58,55699.24219809865
2023-02-16,335606.00389723136,6.047215025477772,1752073670.5261967,64883068.608682886,,,364385275.67966926,3.703215777975631,4.58,55497.61377481631
2023-02-17,348295.5832638033,5.9806994057506655,1738060909.0248067,89013685.69169393,,,364399262.07199425,5.121436494514904,4.58,58236.59736667322
2023-02-18,407671.99556044175,7.312980498331088,2122496218.4271128,368072262.5179812,,,364407809.6389878,17.34148024964412,4.58,55746.353440088824
2023-02-19,389394.445474238,7.075789943714149,2048444747.8770928,142970095.3950134,,,364427310.81859094,6.97944601840887,4.58,55031.93969461467
2023-02-20,407225.3073387354,7.32708841730034,2134923470.123564,269883531.3295209,,,364194765.2864083,12.641367950950519,4.58,55578.0528561954
2023-02-21,405738.1647234815,7.335045073957039,2122432429.5877783,143322690.95102987,,,364138730.74420005,6.752756363549636,4.58,55315.019966823165
2023-02-22,376325.154349674,6.880287942302823,1991032181.197059,109390230.548126,,,364169060.4874109,5.494146783823344,4.58,54696.13445040186
2023-02-23,370577.4053018341,6.723299185957028,1960327835.629656,147091734.03250045,,,362679817.07033986,7.503425261788148,4.58,55118.386829469084
2023-02-24,358005.6143636684,6.667250144058827,1937432978.8497071,78098539.57233247,,,362711386.98312336,4.031031804707957,4.58,53696.14258176386
2023-02-25,341467.18976058305,6.287855864357283,1824645360.302313,72779870.57951267,,,361205484.015443,3.9887132131503225,4.58,54305.82334054286
2023-02-26,321778.8486793751,6.107051282521873,1775134482.437076,52758633.91082699,,,361223327.54871494,2.9720922235928198,4.58,52689.724351962264
2023-02-27,330809.165031345,6.232758681917847,1816839709.154684,48335890.24088099,,,361097306.2813105,2.6604377919156166,4.57,53075.88211157143
2023-02-28,325722.226809,6.127941713691486,1785152268.7967324,62723935.23359109,,,361116257.4222258,3.513646221107494,4.57,53153.61046617792
2023-03-01,299472.30718614004,5.800649062208141,1687391599.4979937,47252254.259256944,,,361085821.63104016,2.8003134704069104,4.58,51627.37893199481
2023-03-02,301461.5856143081,6.170664983329367,1795270666.4079175,57945304.89527846,,,361526017.39404255,3.227663994043796,4.57,48853.98679538348
2023-03-03,301193.4127752549,5.919381199833577,1726283155.6306767,45105259.17191668,,,361239278.5038467,2.612854039894632,4.57,50882.58427818823
2023-03-04,306733.886285827,5.586466438461904,1627870162.487088,65688275.03321952,,,361294570.6185764,4.035228149452648,4.57,54906.60145633643
2023-03-05,306867.931422052,5.384197380888214,1570046756.2450314,32370126.56397841,,,361310156.156369,2.061730100407693,4.57,56994.183109132035
2023-03-06,310832.4109598142,5.3554795001095385,1557604550.8279226,31049201.04740669,,,361293713.29463935,1.9933943458821386,4.57,58040.07109978791
2023-03-07,311653.722671291,5.327311947558325,1557270258.2776184,41474645.71226934,,,361293713.29463935,2.663291454505873,4.57,58501.12134209293
2023-03-08,311991.88585011,5.337200438900039,1555230627.4145107,47064510.32764237,,,361285854.8775675,3.026207785393517,4.57,58456.09311881294
2023-03-09,310856.5298018049,5.060059912056435,1484669700.2804563,47129454.64954856,,,361206762.87736446,3.174406714210288,4.57,61433.36940757115
2023-03-10,311127.598521,4.768380850525429,1386527589.3117733,63578840.93816132,,,361213130.8407591,4.585472472979768,4.57,65248.05972381941
2023-03-11,311736.88064919395,4.917004650535527,1461581559.6667693,65224155.86231832,,,361015378.2313149,4.462573807868033,4.57,63399.75306210899
2023-03-12,312030.313991988,4.725920395847263,1392435489.7373738,57383516.06086418,,,361078594.5088277,4.121089736924706,4.57,66025.30044013727
2023-03-13,312513.00048117,5.232245002992166,1544256669.4035752,51753541.231596366,,,361075302.5669302,3.3513561739438487,4.58,59728.28113027067
2023-03-14,313107.258471585,5.353875299902275,1585482566.6870155,91902573.07129672,,,361148830.63259304,5.796504799376888,4.58,58482.35921320397
2023-03-15,288958.119450532,5.541362416193844,1640163963.198177,100861315.80368523,,,361119752.6744817,6.149465423384528,4.58,52145.68146744797
2023-03-16,288924.61774419795,5.191119643952415,1540818996.01731,85086852.1682261,,,361191568.44140255,5.522183487363379,4.58,55657.47614405136
2023-03-17,288733.604157688,5.208261810073535,1545724440.3005023,50978317.2564742,,,361286777.54970086,3.2980210396727356,4.58,55437.61329340919
2023-03-18,302581.531656604,5.66733785601188,1674914821.5056696,66087611.74142405,,,361243873.4080832,3.945729710721313,4.58,53390.41704309674
2023-03-19,303623.987640181,5.349265884961094,1584571151.7535455,67481518.42431292,,,361719579.1869276,4.258661300859564,4.58,56759.935693940424
2023-03-20,301704.686394768,5.46306540922061,1626822491.956041,55167860.81922261,,,361731978.9188206,3.3911420017859766,4.58,55226.26287533519
2023-03-21,305296.28622666595,5.13855374554526,1523633297.4547677,67586968.14394777,,,361544890.7430389,4.4359077907296935,4.58,59412.881784360994
2023-03-22,305437.082558527,5.295467569011648,1575663181.0959826,41613160.227587216,,,360998034.438049,2.6409933751604444,4.58,57678.963864475925
2023-03-23,306385.527821606,5.107411786767881,1517250931.9074671,67287371.21074444,,,365145219.004274,4.434821544393562,4.83,59988.413038357285
2023-03-24,304368.31108641,5.230024243784113,1557395162.4871204,29774143.97573636,,,364240299.2957977,1.9117912199102898,4.83,58196.34802805205
2023-03-25,305171.66224955296,4.982098365864911,1483930216.7818806,37627125.27580892,,,364197446.0138959,2.5356398063925703,4.83,61253.64050225331
2023-03-26,306365.932889856,4.92771933393407,1466155459.6444547,26324260.449696597,,,364227504.3837073,1.7954617483796893,4.83,62171.952606981606
2023-03-27,302807.8418364999,4.995820591645933,1496849336.0427058,21401759.995467693,,,364195087.79890054,1.429787185666166,4.83,60612.23302191007
2023-03-28,302594.356334,4.777961766989294,1422650333.972563,34880320.30366102,,,364193992.3749299,2.4517844948071206,4.83,63331.263641456855
2023-03-29,305861.655702792,4.8409405016252665,1442290789.045163,25144181.85991784,,,364173366.7683814,1.743350373648576,4.83,63182.279476499236
2023-03-30,311158.080788555,5.153650455643876,1535458393.0927606,41895605.219059646,,,364098045.9333146,2.72854057182705,4.83,60376.248538120955
2023-03-31,311125.322727198,5.027449379966917,1496483459.1535351,38187771.72808159,,,364041985.97062147,2.5518338672237624,4.83,61885.321802930885
2023-04-01,311223.362568118,5.195994338898495,1551951600.0640054,39297743.03916743,,,364088396.4445027,2.532150038541583,4.83,59896.786306756185
2023-04-02,310748.729780489,5.246772182268816,1563809147.474351,29300590.35550983,,,363991860.55640775,1.8736679218709078,4.83,59226.64811532081
2023-04-03,311304.64453588496,5.076373048238504,1510787940.539575,36937713.93815605,,,364039629.9345467,2.444930419881682,4.83,61324.22530371509
2023-04-04,311794.9647652839,4.928348815538785,1470431165.5411775,48540084.42496247,,,364035351.2638008,3.301078320595699,4.83,63265.60404616924
2023-04-05,311319.696334,4.997742048663475,1487446203.163203,35829298.694078006,,,363914601.8843948,2.408779464957013,4.83,62292.06975923356
2023-04-06,308124.67764064803,5.017662001705428,1501053498.8673372,40874332.61722529,,,363617741.362298,2.7230430259859615,4.83,61408.01782501912
2023-04-07,307770.064269668,4.885589826227999,1461830951.916154,32686857.25631132,,,363574695.9107031,2.236021696863492,4.83,62995.47756085103
2023-04-08,308599.29180880793,4.995451335963827,1491435461.5826943,36235962.570834026,,,363059243.5043227,2.4296031242532505,4.83,61776.05806848813
2023-04-09,308638.876066521,4.9207979999230815,1468538782.954162,24480392.3528251,,,363061069.08230275,1.6669898430315557,4.83,62721.30578644874
2023-04-10,307886.822235993,5.02202321860948,1500088619.1363797,28409305.083336703,,,363100488.15885633,1.893841785140154,4.83,61307.327511966796
2023-04-11,306960.1647372259,5.185980720477265,1569742216.367867,40309664.762886405,,,363138086.1419753,2.567916205767628,4.83,59190.3790781884
2023-04-12,311987.07295655896,5.337963380712714,1612763820.703852,43032694.03979004,,,363210333.25661594,2.6682576510805815,4.83,58446.83650019777
2023-04-13,311694.8886161109,5.412131996604148,1639210464.2780356,62352050.35606341,,,363173955.9619741,3.80378552448574,4.83,57591.885935465805
2023-04-14,310930.609642092,5.472855019303444,1653454524.6025012,41416550.9131508,,,363162607.6435997,2.5048497129431215,4.83,56813.23706646729
2023-04-15,311199.86270160496,5.504672010127614,1666184622.7098167,52621268.01587914,,,363106836.8142058,3.1581895126542454,4.83,56533.770246265856
2023-04-16,310472.343482301,5.909327153923567,1796061202.1101258,55004365.072728544,,,363125174.1670149,3.0624994854354606,4.83,52539.37299378648
2023-04-17,310409.17346,6.0785206257738285,1840705127.7038105,73497535.86439408,,,363480076.2385487,3.9929011311050493,4.83,51066.56579296928
2023-04-18,309591.82676321897,6.255806877937332,1893715657.9813893,99498420.07932349,,,363485151.2127244,5.254137265009683,4.83,49488.71229626221
2023-04-19,307405.45548713,6.810035321316611,2948434676.869741,144137073.63134316,,,364215371.9748061,4.888596473311353,4.83,45140.06770638865
2023-04-20,308357.713214551,6.110699493225308,2655489321.546069,165691092.87659016,,,364671879.787134,6.239569164605871,4.83,50461.933786208116
2023-04-21,307946.317581,5.87830869032617,2550105788.18698,77421776.86122072,,,364651779.70932907,3.0360221611145164,4.83,52386.891162722
2023-04-22,310149.2369225249,5.527343719328324,2396478903.9818296,66774471.872450925,,,364680365.4095964,2.78635759161088,4.83,56111.80571926037
2023-04-23,368061.745705654,5.626112591506635,2442921422.5345035,35762663.81245776,,,364673906.2207061,1.463930173216722,4.83,65420.259498768675
2023-04-24,369986.001652278,5.428756947268732,2346696997.335976,34614910.3930176,,,364510681.5327515,1.475048139249048,4.83,68152.98699979967
2023-04-25,368051.51629346097,5.376222919264468,2341510956.749845,32856855.92904314,,,364537843.78484935,1.4032330634339798,4.83,68459.12489503222
2023-04-26,367905.63132122793,5.492702055589986,2392277900.247376,40429704.39245608,,,364854978.0185815,1.69000868955381,4.83,66980.80973585781
2023-04-27,367648.4187217572,5.305840815733262,2309416308.613462,71721661.98138882,,,364718837.4396442,3.1056185804996503,4.83,69291.26438011098
2023-04-28,367316.18185828713,5.7505468291542,2498543845.40111,59943058.03590234,,,364067359.6364467,2.3991197171198424,4.83,63875.000547089294
2023-04-29,370059.865191,6.04679635055055,2633662379.528016,132341832.76926084,,,364051127.70364547,5.025011322559047,4.83,61199.32667441441
2023-04-30,369834.4063073659,6.49238467904185,2831036854.9672103,178877870.73929772,,,364051127.70364547,6.318457862017819,4.83,56964.33969805164
2023-05-01,367480.5810315639,6.448881047276735,2812157311.180261,113807175.56590116,,,363979668.69019115,4.046970456220187,4.83,56983.61907089997
2023-05-02,416017.296492798,5.770420389509386,2510324041.0213294,131673763.45530276,,,364241607.8801729,5.245289504606388,4.83,72094.79871676536
2023-05-03,352489.08502808,5.7367881938751575,2500176771.7212424,64817625.204927385,,,364369276.6084944,2.5925216943881852,4.83,61443.62892888612
2023-05-04,361583.30898790096,5.92083442155076,2573896337.9757643,72014928.70601049,,,364329006.85242,2.7978954569183037,5.08,61069.653910908826
2023-05-05,369207.7636303181,5.894168118041846,2568454473.8197207,76794924.18788828,,,364421672.85505104,2.9899274046185993,5.08,62639.50335929269
2023-05-06,366010.552933025,5.947452513280981,2593107706.6181817,65241783.84640003,,,364399915.44297975,2.5159689155945446,5.08,61540.72724678403
2023-05-07,343574.33138328296,5.59538360863885,2432115688.36354,58832225.994116135,,,364392725.0108982,2.4189731712022984,5.08,61403.17722860504
2023-05-08,344429.04046350793,5.573154541549285,2424300806.378987,34656995.18442578,,,364374560.18630725,1.4295666236316018,5.08,61801.45156494438
2023-05-09,327498.858081395,5.339745949826492,2328623432.45091,77360547.93553485,,,364364278.7874311,3.3221579263295373,5.08,61332.292052590376
2023-05-10,327488.974635823,5.283569149691221,2304994018.744377,33444136.630313277,,,364366387.5851302,1.4509424475006507,5.08,61982.52835490227
2023-05-11,327334.096247556,5.3037740760735685,2313730624.258794,49922691.49756263,,,364515802.38781667,2.1576708616870826,5.08,61717.20204377264
2023-05-12,311413.318643427,5.008617493825004,2186210410.3479214,51291425.45127887,,,364620917.8348307,2.346133986395032,5.08,62175.504323770074
2023-05-13,322252.357980402,5.227026096224928,2281595543.7841697,36024945.41210305,,,364614071.67642856,1.5789365258118189,5.08,61651.185979947506
2023-05-14,322919.39403723995,5.144012998338713,2251076199.4022512,22507883.72204788,,,364614071.67642856,0.9998721379589284,5.08,62775.773339128136
2023-05-15,325195.807244,5.183953255318542,2261606362.688303,25375607.862751167,,,364526757.11317647,1.1220170000135634,5.08,62731.23834794638
2023-05-16,326312.868357,5.253296625370326,2291559635.2036014,29966059.06964217,,,364733294.14209056,1.3076709246093756,5.08,62115.82776062962
2023-05-17,328397.6305207049,5.229178348350352,2282361937.2943096,22643201.38953832,,,364678991.06903833,0.9920951195138377,5.08,62801.000203847405
2023-05-18,338333.88832336315,5.371385251138755,2346313289.313248,23452024.43200094,,,364672363.4921981,0.9995265567824152,5.08,62988.19997162464
2023-05-19,332516.397003,5.274016514971684,2308267302.4706964,22593385.25551405,,,363265362.326512,0.9788028115864574,5.08,63048.03863603094
2023-05-20,331678.150747,5.309771573777263,2319867513.5560355,20672802.481707703,,,363249014.53706026,0.8911199609851496,5.08,62465.61573100799
2023-05-21,319782.193492029,5.224110702838131,2277077454.765772,14773133.4812421,,,363088490.6591178,0.648776063823517,5.08,61212.7521184226
2023-05-22,310943.547072158,5.059231771198268,2208561578.704749,20104480.583181217,,,363088490.6591178,0.9102974885115883,5.08,61460.62507796746
2023-05-23,312195.242541182,5.076013762647618,2214490788.424883,23835041.79271762,,,363045809.185248,1.0763215596697489,5.08,61504.01814086943
2023-05-24,317721.14980570803,5.041845358573726,2198884590.5201874,19250163.107619774,,,363032052.73686975,0.8754512715497172,5.08,63016.83752862807
2023-05-25,313139.3450816348,4.822783056556284,2109624023.511199,27994586.27231166,,,363043106.55616987,1.3269940975415258,5.08,64929.179150188116
2023-05-26,313171.3919898368,4.8193641769290565,2101855503.566784,23245143.756444044,,,363058997.807692,1.1059344335040042,5.08,64981.88982875175
2023-05-27,317905.62542,4.8298364057189165,2105780443.032724,25911943.192511026,,,363048146.8234438,1.2305149512735005,5.08,65821.19946000118
2023-05-28,322059.4424282193,4.911421702003251,2143006616.240776,26152575.988422263,,,362983277.56378543,1.2203684202477474,5.08,65573.56748593977
2023-05-29,325969.4218183526,4.997773849444204,2179916733.259777,29167976.979664747,,,362896867.161396,1.338031702525073,5.08,65222.92357318313
2023-05-30,317989.81514434016,4.875329141833243,2127889446.8360755,25336383.929574728,,,362910988.8779416,1.1906814034557571,5.08,65224.27632952967
2023-05-31,314186.99833461386,4.833525850296843,2112031578.441389,29452251.1930801,,,362908104.54779947,1.3944986189465456,5.08,65001.617466330215
2023-06-01,304899.517012284,4.686539033628641,2043916552.1356783,33559050.924669534,,,362935787.1489114,1.6418992688132912,5.08,65058.56770304329
2023-06-02,305052.463508,4.670737089538858,2037517854.5464344,21530076.97550825,,,361955050.5145725,1.056681634836569,5.08,65311.41823230257
2023-06-03,315488.70427774696,4.8103205260206,2101310178.2318196,23125303.80591158,,,361901161.32783294,1.1005183359160582,5.08,65585.79674081283
2023-06-04,305230.443939421,4.797120615514179,2094187486.8756337,14247688.972128551,,,361910824.17107886,0.6803444802062592,5.08,63627.84436820021
2023-06-05,305897.14450295,4.804082706449992,2097097952.4783444,12919700.423664223,,,361931156.74783826,0.6160752008934899,5.08,63674.41261830288
2023-06-06,274594.883230668,4.344180190209031,1898283015.490309,50668428.965817645,,,361936811.49053186,2.669171485619095,5.08,63209.828139623096
2023-06-07,282657.11534960894,4.425161709315399,1929820741.1411867,33141762.500566438,,,362122314.85853875,1.7173492746776198,5.08,63874.97992549922
2023-06-08,261512.933893,4.19542356877193,1830398459.9382677,24909414.47258697,,,361963186.65235245,1.3608738762502604,5.08,62332.90384301988
2023-06-09,260987.015684,4.179651974847078,1824225122.8891125,19182087.60393913,,,361985582.1716429,1.0515197583486595,5.08,62442.28401182823
2023-06-10,261941.1660415117,4.26395814389827,1857302064.9984736,24002917.41447088,,,361950280.70031434,1.2923539938287103,5.08,61431.45809635816
2023-06-11,229981.836199,3.704793415588161,1615792611.5136957,73113095.69115356,,,361953116.6480334,4.5249059297690595,5.08,62076.83139128253
2023-06-12,252125.63367923736,3.652788081138655,1593759214.0610197,21498826.666259717,,,361964747.8030838,1.3489381881896119,5.08,69022.79247490433
2023-06-13,254030.27186589563,3.7282566509165713,1626575433.3205776,22431968.3324766,,,362006364.59757,1.3790917945122771,5.08,68136.47654955398
2023-06-14,267794.735964,3.9605134795317496,1729473540.0603244,40382646.66594074,,,361969427.6785436,2.3349675916135832,5.08,67616.16576940959
2023-06-15,255602.51271995212,3.795254630195548,1655263971.3483217,27589286.988038342,,,362255297.8004614,1.6667605569621051,5.07,67347.92197770994
2023-06-16,270458.91608489153,3.9543298567534895,1729299494.165264,36351398.60770834,,,362134022.2353886,2.1020880842421823,5.08,68395.63867515561
2023-06-17,275265.1285051711,3.9932002596968994,1746632292.551976,20028945.25901039,,,362218254.335923,1.146717906477409,5.08,68933.46454055997
2023-06-18,268592.85511698964,3.9763480716297006,1738119285.590307,13619124.01451744,,,362269936.7301801,0.7835551982781238,5.08,67547.6216564983
2023-06-19,269652.821682244,3.953780070131758,1729150435.1190088,13141705.04529719,,,362233839.73661554,0.7600093536334052,5.08,68201.26989846908
2023-06-20,265435.9354450884,3.944645459065863,1725170485.8542438,10497573.94523882,,,362261278.7393971,0.6084948723221861,5.07,67290.18823099673
2023-06-21,279615.8292996024,4.185858768417925,1826941363.8091705,20842654.79997229,,,362504669.2856246,1.1408496853186016,5.07,66800.11074651837
2023-06-22,283760.071533,4.206598443830026,1840466602.6775715,21553961.79981147,,,361323828.36718786,1.1711139864452882,5.07,67455.9445884837
2023-06-23,281321.844684881,4.137518943278905,1813902103.254316,23454718.631395783,,,361281828.3340156,1.2930531691493024,5.07,67992.8837889353
2023-06-24,295555.719772313,4.323485665694173,1891366300.917444,18652279.29605261,,,361128590.6742659,0.9861801644136812,5.07,68360.51802310278
2023-06-25,287807.00871922995,4.265497046894274,1863873387.5090177,13119580.733679032,,,360905912.96214914,0.7038879798167383,5.07,67473.26408976965
2023-06-26,296334.671434492,4.326928498095624,1892308840.2365167,17183108.220041856,,,360869404.997411,0.9080498835430144,5.07,68486.1493701399
2023-06-27,290592.768945,4.254497038272369,1855859582.079357,16512299.466102175,,,360965763.37183994,0.8897386216904047,5.07,68302.49647159269
2023-06-28,292367.7645253963,4.331465007558933,1894593168.6008084,12103166.91873492,,,361263947.8918813,0.638826694792388,5.07,67498.58627858681
2023-06-29,255020.5719995125,4.04269775661771,1770196790.3525014,16606393.59128374,,,361181216.6663992,0.9381100271895131,5.07,63081.78037352794
2023-06-30,253993.92295060496,4.046083246770585,1771455475.8653514,12705782.490369435,,,361107574.37041485,0.717251021178655,5.08,62775.25880203585
2023-07-01,278186.6285096705,4.092538579512207,1789020211.4619792,29119483.61599329,,,361120348.5604864,1.627677732729301,5.08,67974.10045254302
2023-07-02,302038.662988,4.215043105708106,1842587216.1380415,13740907.366740216,,,361168114.68344885,0.7457398622107224,5.08,71657.31296531048
2023-07-03,294251.27632,4.194094754441929,1832635521.2743423,12543496.405144809,,,361158500.5966991,0.6844512320934693,5.08,70158.47126685944
2023-07-04,335870.77206640696,4.461639058754011,1959059357.3543568,38544948.07174663,,,361119541.2300804,1.9675232364475306,5.08,75279.68256585162
2023-07-05,335032.6695367765,4.348958450001076,1908020554.6793227,16789051.623606402,,,361112884.10755104,0.87991985109553,5.08,77037.45009030693
2023-07-06,327284.062217,4.240420821441159,1857824176.4783072,18322500.738671355,,,360976410.3381607,0.986234379477368,5.08,77181.97697788129
2023-07-07,323325.90846257744,4.073940755018805,1783397566.842357,16610750.84440374,,,360187992.1304019,0.9314104243068111,5.08,79364.41099794171
2023-07-08,324930.79136171244,4.100937395122937,1795076055.3026268,12370237.910271386,,,360205527.04334366,0.6891205458247797,5.08,79233.29718423358
2023-07-09,324749.564084,4.048788395544896,1771588730.2930613,11766982.466419538,,,360279173.8282165,0.6642050869488773,5.08,80209.07302573278
2023-07-10,319466.81053985696,4.0341749189402005,1764004036.3324964,8394899.14441095,,,360225463.2144287,0.4759002231006572,5.07,79190.12362106069
2023-07-11,434277.52416934056,4.076223355175553,1782136977.8777237,18421317.347671747,,,360028078.9017843,1.0336645037021208,5.08,106539.18746084937
2023-07-12,672602.4568062841,4.117563967355479,1803529858.738412,12775930.792163791,,,360049977.6352225,0.7083847672530739,5.08,163349.60722863174
2023-07-13,675772.972851,4.127289965347965,1808960438.7102056,18138036.22144951,,,359449751.43499255,1.0026773296591265,5.08,163732.85582662633
2023-07-14,1048851.8283804057,4.377276732610992,1916194604.3145752,33598947.39343164,,,359488908.53691345,1.753420415534988,5.08,239612.86718895164
2023-07-15,1088699.251951,4.250562628002754,1857036071.7773583,38424847.22351512,,,359473813.6046445,2.0691492108033707,5.08,256130.62251539057
2023-07-16,1127287.294303485,4.205152634697506,1845520467.9780805,15777482.750296606,,,359437665.9661985,0.8549069503185807,5.08,268072.8601863403
2023-07-17,1133626.3780039046,4.080141455796628,1790887482.6585395,16515267.13326666,,,359410431.52890146,0.9221834030996771,5.08,277839.96959060564
2023-07-18,1145437.725468,4.097642455559817,1799972243.9301274,23978298.35901616,,,359323716.48089546,1.3321482283894022,5.08,279535.7911019865
2023-07-19,1169360.1461712352,4.072453934384692,1785974382.6659222,21831829.694132887,,,359267834.85516006,1.2224044144208013,5.08,287138.949884258
2023-07-20,3079252.040582571,4.064174188794035,1782387818.135002,19506696.92127761,,,359254348.50697154,1.0944137253860053,5.08,757657.4963427637
2023-07-21,3067180.181814,4.04047265216465,1775878247.212546,23626244.82132305,,,362643406.698463,1.3303977825285755,5.08,759114.2041688572
2023-07-22,2829795.4547302434,4.065193918655325,1783998704.1925142,16224936.57923556,,,362255047.0305002,0.9094701997880319,5.08,696103.4359872005
2023-07-23,2874230.1611073045,4.108111809100211,1805024061.3327413,15434831.700953398,,,362256771.65094006,0.8551039308338679,5.08,699647.5010101636
2023-07-24,2884147.6505964817,4.211012666234259,1848072936.2037928,33089278.860452443,,,362243648.22727776,1.7904747270647539,5.08,684905.9547416798
2023-07-25,2887592.176636593,4.011680201995048,1760493423.0392869,28487292.285480384,,,362293142.2514664,1.6181424998623621,5.08,719796.2028978693
2023-07-26,2639461.655177285,4.020270234640113,1765146866.8055744,17496370.699478485,,,362259627.2535271,0.9912133108301666,5.08,656538.3671064501
2023-07-27,2632039.5027673794,4.085504767645875,1794865589.1481388,17601198.2999448,,,362228850.2407407,0.9806415815402927,5.33,644238.5096723305
2023-07-28,2848335.599447159,4.219693382273537,1857696312.2428,25440999.0422678,,,362179189.245442,1.3694918203047322,5.33,675010.0875605561
2023-07-29,2889692.7018335266,4.310569185818385,1895138679.1044104,31423143.976055764,,,362105234.35424423,1.65809206062458,5.33,670373.8131243804
2023-07-30,2946820.298269,4.33189995661044,1902146632.1608012,13853403.667093266,,,362074108.1336295,0.7283036666503503,5.33,680260.4694903397
2023-07-31,7045603.047918079,4.273785004790651,1877320595.361404,17845841.637249395,,,362031182.8285625,0.9506017076328874,5.33,1648562.8172733048
2023-08-01,5187752.459010363,4.206988327262008,1850010529.5161407,19033174.521657977,,,362039628.23999465,1.0288143887827488,5.33,1233127.3717573292
2023-08-02,5355914.504739132,4.234721606832703,1859033991.009084,24616310.9179136,,,362007937.44084334,1.3241452838929462,5.33,1264761.8903914227
2023-08-03,2488790.4368910342,4.136321263846615,1818023279.0960453,20329421.14661314,,,362071029.4553787,1.1182156675530197,5.33,601691.7638008991
2023-08-04,2615459.895427389,4.035203727002061,1773639458.1224222,16564737.252525074,,,362163740.757824,0.9339405016429063,5.33,648160.5570310411
2023-08-05,2513761.865826197,4.031933256524478,1775427402.765931,15780917.581974069,,,362621135.4124819,0.8888517523943272,5.33,623463.1641678159
2023-08-06,2544854.004696494,4.015372068439981,1769138672.6059098,11175003.941164926,,,362569093.60324025,0.6316635385458136,5.33,633777.8819299302
2023-08-07,2475290.3920997004,4.116683960153104,1815343498.931373,15705267.941518549,,,362569093.60324025,0.8651402861642258,5.33,601282.5895936985
2023-08-08,2481230.640920599,4.093677291955732,1801499449.9966488,25621830.805359863,,,362518191.783422,1.4222502707623657,5.33,606112.9063095261
2023-08-09,2574744.005028622,4.106878543057136,1813588256.6965768,25677523.2940546,,,362489733.5795321,1.415840844758546,5.33,626934.5387341302
2023-08-10,2602908.3776195496,4.081530842643059,1800090099.5916686,20963459.33085895,,,362369932.27602845,1.164578336140746,5.33,637728.4597300742
2023-08-11,2521732.733757473,4.023282804435685,1773522301.708227,19998198.586212505,,,362364697.9601888,1.1275978073098136,5.33,626784.8561322243
2023-08-12,2318064.3087465456,4.028646538866823,1775217242.9938035,13341879.431776753,,,362339851.7721607,0.7515631951206393,5.33,575395.306186025
2023-08-13,2310525.7131977985,4.043734402083454,1783015803.2401235,11824434.15469245,,,362281104.4791449,0.6631704628307225,5.33,571384.1423431138
2023-08-14,2362483.972258541,4.032933883215003,1776489852.783247,15948855.104856769,,,362270430.7490115,0.8977734986703986,5.33,585797.8436222711
2023-08-15,2482908.905576725,4.05030595296766,1789317843.907837,24785280.650619097,,,362402411.9881316,1.3851804325881256,5.33,613017.6175351635
2023-08-16,2433807.379138035,3.826702914710321,1689414420.946957,32816791.869953927,,,362364250.63412625,1.9424950718462157,5.33,636006.3567469994
2023-08-17,2437277.961387577,3.702193666661485,1631773713.690863,30366830.56731052,,,362403179.64825267,1.8609706917403788,5.33,658333.4587100175
2023-08-18,2312340.2467484823,3.396556905380122,1504732509.7958007,47269706.49776445,,,362344041.5373119,3.141402620734178,5.33,680789.4909947636
2023-08-19,2439520.2891810387,3.505036670686022,1546736735.4763217,27195878.10145509,,,362260548.5745629,1.7582745322900761,5.33,696004.2129041591
2023-08-20,2478047.91948972,3.5576056606669515,1572267818.879412,13421570.280627755,,,362275208.58265114,0.8536440242218777,5.33,696549.3525286204
2023-08-21,2497010.970128142,3.581607753218832,1583035544.7557583,11702170.160079395,,,362235230.5431144,0.7392234620913005,5.33,697176.0008850911
2023-08-22,2404270.6771838157,3.4902926699286985,1543178350.094382,17383383.067431502,,,362186906.5555396,1.1264662355046855,5.33,688845.0065801878
2023-08-23,2443106.403599187,3.4274365761027488,1512812642.004822,23963322.640307657,,,362137400.28074926,1.5840244835970425,5.33,712808.6397377427
2023-08-24,2250958.708090648,3.604003333605206,1590730088.570821,32873776.24922191,,,362117990.94747525,2.0665841732306136,5.33,624571.7608254646
2023-08-25,2169416.3749460457,3.5981488511774518,1591092996.6806147,25228548.003358416,,,360589560.49210405,1.5856111525844787,5.33,602925.6889236614
2023-08-26,2206075.341079193,3.509261552149796,1551057445.4775617,17519523.75072006,,,360457760.17055136,1.1295212696217,5.33,628643.7497734352
2023-08-27,2127956.412445971,3.551808399612529,1569100533.231519,8592925.12864488,,,360507816.8558136,0.5476338161040573,5.33,599119.1452439022
2023-08-28,1907190.255495644,3.487830089316525,1542509241.8205383,18465825.76532276,,,360372461.7168619,1.1971290196957631,5.33,546812.833955847
2023-08-29,1555404.297136691,3.4869168179789343,1540316085.5171232,14938689.974205224,,,360224780.38509583,0.9698457423555326,5.33,446068.65558617626
2023-08-30,1843955.064203097,3.6479937079444062,1610660661.3805552,40407254.28702166,,,360707495.8122459,2.5087378897294945,5.33,505471.0100479148
2023-08-31,1645002.266531,3.490586247118889,1544086892.7152443,25533234.52157463,,,360689886.08942574,1.6536138375396074,5.33,471268.19109219144
2023-09-01,1782986.9024367305,3.3381715261723888,1476585490.1043098,25342424.80897431,,,360741424.61035633,1.7162856454172566,5.33,534120.8168775969
2023-09-02,1533527.2997104805,3.2411856380091444,1432880722.5578735,18816484.713400736,,,360691842.1219219,1.313192676624955,5.33,473137.7560504154
2023-09-03,1413379.6814239998,3.2575026169702626,1439244380.133835,12297913.637867972,,,360701644.7984096,0.8544701516725319,5.33,433884.4346773099
2023-09-04,1380564.1304905536,3.2561884110406147,1440535547.4864728,12680344.060535958,,,360714958.03781295,0.8802520758797888,5.33,423981.6485463604
2023-09-05,1376909.161417855,3.2654381511576367,1440758107.179991,17778468.763963856,,,360696362.8188621,1.2339662484191614,5.33,421661.38131562044
2023-09-06,1333641.232612433,3.2891482030572177,1458903628.3527265,16558233.265219882,,,358751322.5648785,1.134977865804342,5.33,405467.05416704295
2023-09-07,1348045.9896560386,3.363457397283089,1488762742.244759,22108689.78356745,,,358713613.1350662,1.4850378207498616,5.33,400791.75396868534
2023-09-08,1399685.9664033046,3.364926141506846,1489776937.6597962,16750200.752247067,,,358706537.083331,1.124342868306109,5.33,415963.35477857233
2023-09-09,1376349.056320831,3.293566286189176,1460866300.755404,14207070.916327294,,,358706537.083331,0.9725100037546841,5.33,417890.19461737835
2023-09-10,1397911.4949717976,3.2631986406879667,1448648964.0075576,8706165.426351398,,,358706537.083331,0.6009851691238277,5.33,428386.88320766203
2023-09-11,1345060.132052945,3.0977665901126104,1375198045.4523797,24439105.87688218,,,358623802.9464013,1.7771335523417493,5.33,434203.1889510595
2023-09-12,1331393.0699451985,2.956556883779745,1312147030.0108595,29139848.342255987,,,358224783.29750246,2.2207761535698345,5.33,450318.77358744014
2023-09-13,1327286.747402,2.9322099184744177,1302543378.9608877,24151941.57356192,,,358224783.29750246,1.8542139911554643,5.33,452657.47825195483
2023-09-14,1364863.56859,2.9305426202124454,1301391161.513578,23830304.60504682,,,358227256.24864316,1.831140806068721,5.33,465737.49147216167
2023-09-15,1365014.5990612246,2.918721406047713,1298827593.410678,18601864.078539357,,,357998002.064394,1.4322042565858555,5.33,467675.53636083845
2023-09-16,1577115.460044639,2.9942448213801,1332174149.6872437,24029022.347539768,,,357849771.14345753,1.8037448296967098,5.33,526715.6008030495
2023-09-17,1465885.1424558463,3.0060263576350037,1335360381.6653724,20081292.671721373,,,357804360.69768715,1.5038107276087767,5.33,487648.7987980032
2023-09-18,1362394.322298169,2.9300795295008446,1302223605.721499,15639806.172978071,,,357793365.05238616,1.2010077304897888,5.33,464968.3766536741
2023-09-19,1344839.992105017,2.9851346452161205,1329634502.8632224,20256901.13399685,,,357798291.1522334,1.5234939444167424,5.33,450512.3392876813
2023-09-20,1264041.766607,3.030769519589201,1347945411.7834537,15583175.851624388,,,357835859.9011591,1.1560687632748003,5.33,417069.5786785964
2023-09-21,1309481.264518,2.997947289207504,1334342280.714193,18471504.86829095,,,357808441.29700553,1.3843153391200542,5.33,436792.6244841204
2023-09-22,1285077.7875477653,2.900644333356771,1290899050.9820151,14588990.340774426,,,357046573.03179586,1.1301418441415898,5.33,443031.8370196766
2023-09-23,1516106.4511510087,2.9229153001570385,1302252616.948616,17736673.961753596,,,357031924.890217,1.3619994869592529,5.33,518696.67624975427
2023-09-24,1384590.342055,2.961823311955583,1317990839.632947,8806978.544389764,,,357050801.9610012,0.668212424514457,5.33,467479.0479452354
2023-09-25,1349298.58416,2.9174755192759845,1299867077.745607,11297153.914116278,,,357055849.73801965,0.869100703258769,5.33,462488.39972951985
2023-09-26,1353921.6243693172,3.0022086712275646,1335239208.7092257,15605586.665076084,,,357049564.07981825,1.1687483833074366,5.33,450975.18948132143
2023-09-27,1542021.293639361,2.9577612608648685,1317058338.3937757,15626406.487574192,,,356782652.8404119,1.1864627429208219,5.33,521347.45087183407
2023-09-28,1354753.6291779056,2.9327357221893653,1305970614.4639294,18879748.803601217,,,356801105.3139542,1.445648821995196,5.33,461941.9400553917
2023-09-29,1278272.9762918665,3.08061504924729,1372965473.538914,21473374.994906,,,356731779.1589769,1.5640142020146277,5.33,414940.83352095436
2023-09-30,1560151.000331,3.1431507126243967,1400516076.2474756,25974700.73665818,,,356728166.17226,1.854652094123364,5.33,496365.31715284515
2023-10-01,1615316.1603405518,3.1627590926486486,1409031441.320193,16013800.618110532,,,356717109.2132284,1.1365112337810142,5.33,510730.06606640003
2023-10-02,1500307.8085307195,3.3113758148689163,1476474353.8811646,17298064.875778437,,,356888251.5133101,1.1715790951808627,5.33,453076.8757185329
2023-10-03,1478966.628488,3.134539234053589,1396683930.1394706,23834983.438673265,,,356922463.25729793,1.7065409663797837,5.33,471829.03707840946
2023-10-04,1617422.3007866368,3.129913098327953,1396657624.483004,21429799.19145353,,,356850193.97706556,1.5343630977123779,5.33,516762.6863668158
2023-10-05,1775625.418914,3.170236270701433,1412042661.774048,21847900.73543855,,,356361753.4194407,1.5472550034706107,5.33,560092.4559862956
2023-10-06,1580131.806792,3.061710922148209,1363210077.9324286,14436908.856953168,,,355701605.99924713,1.0590377147775734,5.33,516094.3821839723
2023-10-07,1658722.983644,3.073015501319242,1369227729.2319477,13680729.316401122,,,355763169.04764336,0.9991566066278228,5.33,539770.4576927491
2023-10-08,1745907.0055475165,3.0958164421496472,1375863514.5926034,12902927.170004832,,,355683898.51647335,0.9378057513085097,5.33,563956.8876813665
2023-10-09,1996460.792886928,3.096533553061292,1379975240.4626,13033014.946047526,,,355766020.84197426,0.944438317725074,5.33,644740.5651113287
2023-10-10,2007424.319497,2.923629020211077,1305250887.4770925,24995713.376264405,,,355788379.21458834,1.9150121724550895,5.33,686620.7393686598
2023-10-11,2210526.433017,2.9717275354339057,1326054834.569385,15599786.717736596,,,355784969.86988604,1.1764058552527636,5.33,743852.3238282807
2023-10-12,2146616.7599632386,2.9305490309654023,1307501357.2774508,18270615.08358329,,,355763197.41565967,1.3973687279091886,5.33,732496.4493960659
2023-10-13,1819228.608463032,2.9317925367623867,1307859690.394708,17963837.100464787,,,355668058.92500395,1.3735293802841617,5.33,620517.5112670242
2023-10-14,2709135.261803332,3.057716349522725,1364846285.6783657,19408096.971702207,,,355628729.1989175,1.4219987390049462,5.33,885999.5343342416
2023-10-15,2472233.838971,3.10198393796963,1386261761.4606576,19424265.398760676,,,355620740.4750583,1.401197518302314,5.33,796984.7324835518
2023-10-16,2417515.424205,3.1473714216580717,1405639932.2343175,20181703.0508728,,,355603454.43040293,1.43576620072206,5.33,768106.1750670103
2023-10-17,2095839.5933310315,3.1674968607961693,1422960790.1908078,25038693.82718375,,,355626305.1837421,1.75961937952108,5.33,661670.6141909892
2023-10-18,2086811.209019,3.0704655259258486,1373111584.9030516,17841341.312246207,,,355495808.6899368,1.2993365949574953,5.33,679640.006181068
2023-10-19,2140184.38498,3.062439893398609,1368977971.693165,22316860.35865034,,,355472788.64463896,1.6301840365662446,5.33,698849.433614478
2023-10-20,2859323.3419129048,3.001928991969137,1343821644.6539433,16924604.281859066,,,355306869.5335581,1.2594382855187183,5.33,952495.3286910731
2023-10-21,3288246.864236,3.127261473967511,1399765892.6348946,18583820.934707504,,,354625181.48548526,1.3276377880393733,5.33,1051478.0716638477
2023-10-22,3190400.07414,3.2182437802768864,1440592726.516377,17155708.932524446,,,354641438.2832074,1.1908784916615651,5.33,991348.167498209
2023-10-23,3282122.738621,3.2350041142601214,1431538408.8580866,16768456.706815,,,354652809.15564734,1.1713591897398623,5.33,1014565.2440295754
2023-10-24,3333495.8555215383,3.5072048219842635,1552785627.2173314,47963615.04782675,,,354670835.5523528,3.088875515532683,5.33,950470.8235533144
2023-10-25,2981093.847232599,3.595211487590853,1599397216.5412035,50689184.494505,,,354641299.5010823,3.1692680198683565,5.33,829184.5577157483
2023-10-26,2816878.986781,3.5678822156424785,1591956188.436289,35702901.568312995,,,354804901.80716723,2.242706289761808,5.33,789510.0837216838
2023-10-27,2730060.0563624715,3.544850757880712,1585741987.9641168,39901528.0503649,,,354849997.0490641,2.5162686208235674,5.33,770148.0944700299
2023-10-28,2634074.419209,3.5152842925169976,1575337677.4311557,24508195.546069287,,,354962133.24677855,1.5557423590625907,5.33,749320.4532037898
2023-10-29,2955298.8625111347,3.716068694237668,1663086611.6663482,24249072.15087765,,,354930837.8081132,1.458076325115805,5.33,795275.6274645237
2023-10-30,3029667.577713,4.032778098017387,1805869382.8264637,71180789.53222011,,,354900508.93477446,3.9416355473512272,5.33,751260.6704550541
2023-10-31,2974346.710751,4.042501654542682,1805681854.5808053,42786337.578252375,,,354908574.7355228,2.3695391006842317,5.33,735768.8295337211
2023-11-01,2811130.4648610526,3.953499741668392,1766317674.2366066,35848679.975688085,,,354947408.4985018,2.029571492069324,5.33,711048.6021366843
2023-11-02,3101446.405656535,4.064450039654886,1817950553.6220424,36801316.23121075,,,354915003.8501746,2.024329878383582,5.33,763066.6819365997
2023-11-03,3177485.032307704,4.016923955259749,1801885976.8088784,41775530.19815314,,,354834782.4043811,2.318433615435377,5.33,791024.4425083313
2023-11-04,3084774.2088529216,3.9494171490691823,1767809582.8922565,30403238.239066504,,,353404615.33711725,1.7198254005007,5.33,781070.7485229704
2023-11-05,4158410.9776410176,4.0121385244202745,1801388565.0880206,27953873.76106035,,,353439974.11194146,1.5517958925033173,5.33,1036457.4783075015
2023-11-06,3344610.050124562,4.062959048379171,1821314464.710111,35490805.04466045,,,353474888.04910964,1.9486368626797972,5.33,823195.6094804404
2023-11-07,3510630.26755,4.253590300689245,1903130691.255621,40342176.1560006,,,353462947.9936849,2.1197796000748745,5.33,825333.4287933521
2023-11-08,3379324.476908,4.1906407657127005,1878138357.0759604,35749131.861815125,,,353609055.57145214,1.9034344156344425,5.33,806398.0345338143
2023-11-09,3424001.980205887,4.2846824479414,1920228677.6625693,41129373.23573367,,,353767844.37457955,2.1418997494506278,5.33,799126.1947197437
2023-11-10,3202476.815292141,4.094836425473642,1832536531.2014432,76274013.13368371,,,353793602.8239054,4.162209693231988,5.33,782076.8603526615
2023-11-11,3167985.614216,4.367953295767566,1961839338.676219,58057774.29676455,,,353682280.0847393,2.959354170965902,5.33,725279.1867728293
2023-11-12,3226221.711163248,4.453719660674764,1996196785.962544,62617307.703469865,,,353709403.852173,3.1368304038860826,5.33,724388.1422645396
2023-11-13,3230950.51732096,4.6704773043140175,2089347691.3752823,61321378.03621737,,,353705114.96678,2.9349532530822326,5.33,691781.6545937611
2023-11-14,3215925.396603,4.544587485057568,2042541540.3912568,107676047.3641143,,,353642534.76351726,5.2716698894402185,5.33,707638.5716364447
2023-11-15,3073811.0897663315,4.264422550109604,1918703308.3206816,60470175.46639589,,,353588318.384955,3.1516167822382903,5.33,720803.5914938422
2023-11-16,7410559.863811,4.738268945418517,2125480367.2127583,60514478.14631643,,,353609092.11075795,2.8470965471994405,5.33,1563980.4217901877
2023-11-17,7262455.271341186,4.402949592470688,1974552248.8908825,73861829.4594037,,,353611060.9515056,3.740687515404686,5.33,1649452.2862038726
2023-11-18,7267758.582596802,4.315522268336326,1937599652.662422,70505682.50506634,,,352815061.8294591,3.638815810489319,5.33,1684097.1105447663
2023-11-19,7286365.978956,4.321174027696183,1942520033.097689,54161474.71759844,,,352768860.54915017,2.7882067517846116,5.33,1686200.5400047952
2023-11-20,7453399.489326,4.59913853570374,2069754321.4091449,56242805.42737332,,,352799628.8446488,2.7173662519076993,5.33,1620607.7358758044
2023-11-21,7264867.332468783,4.527720229345262,2039553240.1004813,51225161.98900297,,,352729899.51356447,2.5115873899167886,5.33,1604530.9702183895
2023-11-22,7069602.578678519,4.120845173064959,1854485179.0288987,61852623.05722927,,,352655963.7848474,3.3352988611976073,5.33,1715571.0253050746
2023-11-23,2956480.439429387,4.441507992267629,2001758840.161068,55658159.61164261,,,352528372.504448,2.7804627857751423,5.33,665647.8935929922
2023-11-24,2978517.8920463547,4.60571919779792,2071313385.1073728,62204176.98170098,,,352490551.9772717,3.0031272635490858,5.33,646699.8451556576
2023-11-25,3041060.519224,4.597639169188857,2068095847.361172,32444207.53338918,,,352467181.29618686,1.5687961259042715,5.33,661439.5796007024
2023-11-26,3135589.388159995,4.706895853699463,2115655658.8643036,53134813.316037245,,,352427866.0624036,2.511505740237536,5.33,666169.2728330767
2023-11-27,3096324.30493,4.661583614218487,2098789295.1917117,51239572.753944606,,,352493906.9077596,2.4413871783762926,5.33,664221.552411025
2023-11-28,3143139.963426263,4.4761091777853865,2009378686.491796,43950589.472623445,,,352397665.9312976,2.187272601629782,5.33,702203.5966024789
2023-11-29,3305979.174433052,4.581757820395961,2059754232.8367136,34496482.56691496,,,352507365.21869755,1.6747863418348736,5.33,721552.5796052105
2023-11-30,3210734.2392528905,4.5004603045666585,2027901205.57056,31204035.23633829,,,353134575.8788452,1.5387354744216388,5.33,713423.5215884316
2023-12-01,3282295.987785,4.560718293679165,2048068204.755463,41025389.65586679,,,353135897.3358499,2.003126143973568,5.33,719688.3860013962
2023-12-02,3345190.955268174,4.693902255212266,2112802350.4194293,59314936.64044959,,,353157993.7063607,2.807405843176694,5.33,712667.3657410659
2023-12-03,3357216.7546746437,4.833709861812185,2171879510.791248,28151004.958533622,,,352087651.6696372,1.2961586873793838,5.33,694542.4633773953
2023-12-04,3306503.4541704906,4.709502124788749,2119969214.1915205,30744780.817306995,,,352034644.53175116,1.4502465701621967,5.33,702091.933830226
2023-12-05,3502750.54309698,5.09591882430153,2285794542.644082,171516380.8773459,,,352036213.9495377,7.503578194693961,5.33,687363.881542419
2023-12-06,3600644.6894039745,5.109223208282868,2296701002.507296,64283359.11647546,,,351950379.7582789,2.7989433124423977,5.33,704734.2702833482
2023-12-07,3509463.43576477,4.882875994584916,2202749162.2014217,67534124.67098203,,,351982998.40935284,3.0659017299767624,5.33,718728.7655178519
2023-12-08,3526821.1751022246,5.078052932505274,2284749335.672964,58791646.6629952,,,352002308.1301891,2.573220866948117,5.33,694522.3340478761
2023-12-09,3845688.1130201593,5.225123139778699,2349280751.108955,41390543.09482188,,,352013460.6364467,1.761838940504828,5.33,735999.5181248564
2023-12-10,4064161.412126,5.574977409875019,2504795899.780252,86983718.12794459,,,351910179.41279405,3.472686861854722,5.33,729000.5166526964
2023-12-11,4007532.596259,5.578004452657392,2508136326.9427347,58138714.710586525,,,351939318.23506504,2.31800457120503,5.33,718452.7424229267
2023-12-12,3910380.069849,5.281486062779547,2379851934.221502,112028647.04668444,,,352040997.8883895,4.707378868229099,5.33,740393.901142104
2023-12-13,4778721.079523545,5.5140709996085215,2484029034.4349747,87739595.53562674,,,352105843.1039949,3.532148550573777,5.33,866641.1948382268
2023-12-14,4832396.811579765,6.267946732379536,2820029257.4046965,157075711.12029463,,,352085250.4047755,5.570002889432896,5.33,770969.6680439425
2023-12-15,4926661.492512,6.323654358177032,2841333674.7079625,139826331.39064878,,,352069641.3334796,4.921151381666582,5.33,779084.563048801
2023-12-16,5566785.549295825,7.2136551918021885,3262964359.430658,210060400.6790048,,,351834927.9770026,6.437716675387084,5.33,771701.0865201992
2023-12-17,8305699.476683633,10.038845233062329,4530704229.433164,796794010.5068455,,,351774986.35501087,17.586537768909544,5.33,827356.0637561495
2023-12-18,10174694.726772,10.571195839954877,4803716941.752542,569948721.5858226,,,351764603.2063399,11.864744082483094,5.33,962492.3122051847
2023-12-19,14525356.621740468,9.784426625109994,4426811952.764777,376203358.98203015,,,351800787.3472364,8.498290937049434,5.33,1484538.3565413756
2023-12-20,13945441.736238,9.313644649133836,4218037973.66215,246489527.8986369,,,350231891.8814886,5.843701015442301,5.33,1497313.0564450854
2023-12-21,17314274.55275518,8.853858431303568,4018400268.143896,209620048.5324429,,,350073554.5056623,5.216504940889491,5.33,1955562.6156771486
2023-12-22,15507176.44126,9.165523025434087,4153743634.107009,202397303.42348185,,,350074020.99783593,4.8726479352641645,5.33,1691903.0586937582
2023-12-23,16012011.321514204,9.302614366000563,4214171077.349342,279562001.3363489,,,350065782.9946383,6.633855062006398,5.33,1721237.78236313
2023-12-24,15937797.509136,9.47160811164933,4290857811.609866,128643255.84551585,,,349987769.2411358,2.998077808531502,5.33,1682691.8218389726
2023-12-25,16201962.811993012,9.81286031632689,4445022440.641242,221973316.49260023,,,350081271.36948216,4.993750188144792,5.33,1651094.8173832423
2023-12-26,15617280.20967529,9.563917619626798,4357306783.586454,139472220.1421709,,,350059549.18214625,3.2008813487163454,5.33,1632937.5503638755
2023-12-27,15996114.99053,9.25103689080912,4195156470.796695,148888061.41899562,,,350081184.77968293,3.5490466793177924,5.33,1729115.9012047716
2023-12-28,17785691.587470084,9.22274376214364,4169867999.535053,108479333.89457168,,,350078350.51045513,2.6015052252653397,5.33,1928459.9080454297
2023-12-29,13648438.597901,9.841401581133304,4486808375.607157,320166457.7526818,,,350236003.42328984,7.135728360794029,5.33,1386838.9055544757
2023-12-30,13205437.756283997,9.385547588726013,4252940152.586208,130295739.02557068,,,350596890.8647889,3.063662651033027,5.33,1406997.048541575
2023-12-31,17360652.73489431,12.403000705523418,5614232680.28688,490801980.4034351,,3.494400422466236,350507371.8477222,8.742102587354035,5.33,1399713.9198067694
2024-01-01,21767677.976597,13.311881324405665,6095594418.734598,950517793.4908844,,12.271154114180746,350437568.0613388,15.593520962771096,5.33,1635206.7334531215
2024-01-02,21410245.107098725,12.968238669253282,5898169451.268864,327990749.81743634,,3.492264804382571,350413470.5862341,5.56089058694094,5.33,1650975.560610309
2024-01-03,22119146.60604677,13.96875274974152,6335152426.210271,491899836.38633,,12.265339863707094,350262928.2778906,7.764609330490691,5.33,1583473.2708298573
2024-01-04,27354087.4645918,14.366086952027,6522719918.724113,817151856.6938136,,7.850159363964317,350073803.61547965,12.527777780985172,5.33,1904073.6392544417
2024-01-05,35063301.79656876,13.867177555191136,6306097484.951204,338710555.3710037,,3.485438561319033,350073942.7597813,5.371159519485681,5.33,2528510.3372346247
2024-01-06,41165138.782148965,13.249579496883785,6016501464.557736,260652558.8274875,,12.23920110300662,349545869.8487922,4.3322944465808035,5.33,3106901.52784326
2024-01-07,32338493.980947983,12.02932482725232,5471447552.057376,181164685.47409955,,3.4860387793001886,349545173.8223315,3.3110924257325274,5.33,2688304.9917885195
2024-01-08,29394689.281829964,11.268579126725925,5106010324.81804,170564177.54541788,,3.4962345137326065,349690438.79497945,3.340458923797734,5.33,2608553.3012865805
2024-01-09,34917696.509244375,13.672295190978804,6246496285.056591,459604105.387358,,16.650194868225476,349733242.9075434,7.357790422238186,5.33,2553901.596001498
2024-01-10,32804777.77885946,12.67757747761353,5746670573.419304,313635065.3592521,,7.875178950125138,349714393.8029192,5.457683041898073,5.33,2587621.9519689134
2024-01-11,31720746.761738565,13.9285252182363,6311875467.253096,318089143.0463788,,7.762948909902763,349693809.73688036,5.039534520233651,5.33,2277394.5026288438
2024-01-12,32726346.90250621,13.08586015258234,5950817112.308322,267620540.3220538,,3.4849310963391167,348699923.42102486,4.4972066066107645,5.33,2500893.8289813567
2024-01-13,32235228.380463,12.269857152581116,5588128739.439316,204943881.17083883,,12.21247312605896,348804306.47598785,3.6674867514129934,5.33,2627188.5629639886
2024-01-14,30170572.525686704,12.923565574023591,5861722315.129594,192826388.16357204,,7.836472443390723,348627434.6677871,3.289585855438274,5.33,2334539.361670409
2024-01-15,30817447.85231506,12.685422360729795,5795625921.219715,235035028.0027343,,7.832097720823289,348685277.98154366,4.055386444839251,5.33,2429359.226360211
2024-01-16,101966005.40423688,12.8898581349499,5871342016.727987,164702828.36418247,,7.829711181263057,348428240.6176183,2.805199014040217,5.33,7910560.71654998
2024-01-17,90923867.51659256,12.67483773521726,5775759898.112719,147601520.798775,,7.82829276669034,348535549.9055217,2.555534222380073,5.33,7173572.507674714
2024-01-18,91156383.23285332,12.09609567960679,5516057933.332992,106400808.77789149,,7.843372621901487,348572931.54925954,1.9289284134403655,5.33,7536017.046106612
2024-01-19,85024445.21442515,11.478604279634691,5234869825.110826,161804872.53721982,,7.843372621901487,348572931.54925954,3.090905370006871,5.33,7407211.115838821
2024-01-20,30931337.4028001,11.197034170086123,5110164007.9464655,180741948.4360898,,7.843372621901487,348572931.54925954,3.536910912350962,5.33,2762458.0699624843
2024-01-21,32593400.093570944,11.429537593990178,5212620155.044825,104542253.6916832,,7.843372621901487,348572931.54925954,2.0055605546187016,5.33,2851681.4285390726
2024-01-22,29185578.914619774,11.075567987631038,5064544705.745888,69032806.92641975,,7.843372621901487,348572931.54925954,1.3630604711238865,5.33,2635131.5749416747
2024-01-23,25907121.57756462,10.465336955718064,4769839660.963764,125276875.31524491,,7.843372621901487,348572931.54925954,2.6264378725454316,5.33,2475517.194256173
2024-01-24,28922226.66315301,10.498648386807607,4776799636.984149,157817815.2053981,,7.843372621901487,348572931.54925954,3.3038399597818806,5.33,2754852.39599948
2024-01-25,35300231.70120461,11.659780902226968,5327163509.564434,202832491.05140543,,7.7577839405959566,347889904.3487367,3.8075138990428634,5.33,3027521.014092333
2024-01-26,31877267.820527125,11.15849991459541,5078513014.554943,159173798.97411048,,3.444648410085495,347836513.89957786,3.1342599402210984,5.33,2856770.001748299
2024-01-27,35840052.10330459,12.141773043561995,5504905334.04805,178230757.93228865,,12.104654560743358,348152657.1172774,3.2376716240681667,5.33,2951797.235438219
2024-01-28,39617502.48539206,12.746274759235176,5806794174.431188,136729357.20628592,,7.796214511261932,348167129.21418387,2.3546444578376917,5.33,3108163.226803786
2024-01-29,36993095.03439299,12.325121337615574,5632876910.429329,112751277.35847268,,7.782999202787441,348357944.85535383,2.001664143409783,5.33,3001438.6082749674
2024-01-30,36886757.6186755,12.55297556197856,5754819181.936931,116297142.5703029,,7.776981181371882,348168717.675293,2.020865276450965,5.33,2938487.1687634774
2024-01-31,34722056.8192287,11.730217197224489,5360329456.384522,138004035.59834388,,7.792108203941398,347309658.1281341,2.574543910430198,5.33,2960052.3362384425
2024-02-01,32969641.62006117,11.461125984007156,5248905245.855954,113655017.39424534,,7.789563521533963,347297998.76723826,2.1653089943655726,5.33,2876649.4379406506
2024-02-02,33604623.52438402,11.6614713170004,5332642863.7784815,102263843.95377706,,3.4592432016075896,347385098.3596246,1.9176953448053955,5.33,2881679.5591988736
2024-02-03,36560393.268689066,12.6965808702655,5822621964.426407,198587552.0131387,,12.09354795974471,346202916.5782511,3.4106207345491266,5.33,2879546.3630929915
2024-02-04,35477609.48133232,12.743445699298787,5834160575.09921,193045119.9853947,,7.765806218040068,345971095.0896713,3.308875672865962,5.33,2783988.7514319997
2024-02-05,35906027.531996995,12.74598819852174,5832563216.670425,138981961.39193645,,7.75964759945198,345968381.25502586,2.3828624950811186,5.33,2817045.408543633
2024-02-06,34587290.37657082,12.23685311474716,5598212808.343217,138848229.77169615,,7.719488896094216,346021864.14088213,2.480224216642241,5.33,2826485.702838762
2024-02-07,33765626.67965922,12.139057725144808,5550078127.747919,110407212.79061615,,6.653365586434902,346000908.430665,1.9892911459863827,5.33,2781569.001827646
2024-02-08,34285722.709163554,12.288333820837444,5628669676.94981,102187917.2448716,,7.706118733090811,346006128.84062356,1.8154896824616555,5.33,2790103.4598380565
2024-02-09,34488936.8362589,12.201927884327231,5616102569.223682,109702260.97007176,,3.454556256192028,345930428.96222645,1.953352162249344,5.33,2826515.3804554297
2024-02-10,34708034.515095,12.85829379692136,5910069553.95789,127778951.52719463,,9.142709660263113,345888775.45608974,2.1620549531709465,5.33,2699272.1634191535
2024-02-11,11415418.089822264,13.124282737433408,6015174964.134182,114526254.4386837,,7.764095540023589,345882051.64599687,1.9039554979124118,5.33,869793.6731630234
2024-02-12,35312519.6058483,12.935795808222766,5919349337.263971,91919842.04765378,,7.753881392717819,346006338.09479445,1.5528707094374796,5.33,2729829.701192527
2024-02-13,11348033.088777732,13.285917362493043,6079677899.530111,131555566.2395219,,3.448895353843065,346005980.87713534,2.163857500570707,5.33,854139.9723600512
2024-02-14,10932039.481804172,12.925935651281335,5920022620.035236,140136528.2986846,,12.057799218627572,346019859.94228673,2.3671620413141343,5.33,845744.5384791536
2024-02-15,11532569.037312292,13.585573077899594,6223480384.984045,196102107.43497145,,7.740723536480158,346306486.26503295,3.1510038644634406,5.33,848883.5157107182
2024-02-16,11457945.56439445,13.487682077904497,6180567385.089997,199657229.3806732,,6.0318159378972,346304100.5126997,3.2304029216205357,5.33,849511.835926563
2024-02-17,11287981.965476,13.138225445911813,6036669668.958302,136770928.38378328,,7.751628177809295,346132786.4833401,2.265668586887987,5.33,859170.9749499277
2024-02-18,11125523.221043266,13.180232074757578,6054853204.495153,96730791.00923164,,7.74223702325461,346136396.6274936,1.597574503332603,5.33,844106.7773268246
2024-02-19,11771771.172843102,13.646119462921272,6242291818.65056,130537171.37543716,,7.726921913594061,346166628.32100004,2.091173805515172,5.33,862646.0588175943
2024-02-20,11968178.376065584,14.57612691194457,6654685980.664597,263522780.83601484,,6.813842367864699,346253076.19647217,3.9599581648433713,5.33,821080.8295211897
2024-02-21,11794614.241098,13.747298932410136,6320530383.589063,211941668.92800432,,7.735506605412573,346211032.3077588,3.3532260121444897,5.33,857958.6651230406
2024-02-22,10984252.285783475,13.191017092982609,6064106200.75871,156807307.15948182,,7.729912445440654,345161566.14033294,2.58582719312968,5.33,832707.0011627008
2024-02-23,10747747.436309,12.7612927110469,5860132937.693788,128426165.65114573,,3.41864501120233,345962082.87396574,2.191523076636669,5.33,842214.6313598104
2024-02-24,10420551.504539222,12.36597675841034,5686617089.921803,104150844.16503544,,11.963794118954123,345981861.8329611,1.8315079513550931,5.33,842679.208292382
2024-02-25,10495981.654521288,12.520814567242825,5751461635.402876,104674824.8551184,,7.702212219180252,345943583.216941,1.8199691050844709,5.33,838282.6531095717
2024-02-26,10328528.190379314,12.47261520090151,5732808816.751522,82483185.36677256,,7.691599652868428,345950706.225493,1.4387918384048153,5.33,828096.4355921745
2024-02-27,10467389.407647094,12.925910015025766,5941904981.65115,145858404.37139362,,7.29947350728823,345928804.7828099,2.4547414477648237,5.33,809799.0312078022
2024-02-28,10262366.416947456,13.024826513099176,5980589379.930585,147591666.46697155,,7.215435442658233,345946113.89663273,2.467844840882298,5.33,787908.1081522667
2024-02-29,10227999.818613395,12.635172805819384,5806948382.984766,301814127.4507136,,7.689249307384792,346002131.13312066,5.197465304411426,5.33,809486.3422764336
2024-03-01,10655142.377352502,12.60961268306376,5811244391.480664,257177870.103239,,7.686998274988784,345983401.6690131,4.4255215024214785,5.33,845001.5591409601
2024-03-02,10572905.825944234,12.953375643180934,5949912744.792728,154394597.6639445,,7.680622525643514,346060574.1805681,2.59490524124187,5.33,816227.8403089581
2024-03-03,11272876.258902555,13.282735194851604,6103319938.000341,187183213.79140845,,6.832579694815463,346055076.76479596,3.0669081039971853,5.33,848686.365687086
2024-03-04,12194555.693356438,13.161530091964584,6043754332.049115,233763724.45214835,,7.678282175429577,346029439.46492434,3.8678561637182156,5.33,926530.2444433488
2024-03-05,11235788.253226958,13.399071092878945,6159513789.740557,271846498.39736736,,7.6550609993373655,346041024.93406475,4.413440860383522,5.33,838549.7901565966
2024-03-06,37379937.626548775,14.124326248381562,6504303087.067325,826580900.9690957,,7.671537690582025,346027864.27942634,12.708216236303748,5.33,2646493.50129759
2024-03-07,38451432.179047786,15.309204282615427,7026640178.031894,410467583.998102,,7.668644827004292,344590997.90786576,5.841591053450964,5.33,2511654.5229402827
2024-03-08,36666686.746173,14.972647923896258,6901671601.040658,278126201.0206124,,7.668685693081353,344606581.50879925,4.029838234822352,5.33,2448911.303634756
2024-03-09,36871809.02505186,14.682268013686526,6753361950.58863,281820059.8906113,,7.658666369733975,344632246.5694629,4.173033549105829,5.33,2511315.621720069
2024-03-10,35213841.58115618,14.788995786544971,6795281184.495423,202543777.89331123,,7.664934001263759,344476651.30729663,2.9806533739243775,5.33,2381084.022837692
2024-03-11,33190939.67541774,14.134963261349696,6495608005.437815,218273310.39707643,,7.654564049822146,344560326.375231,3.360321469743069,5.33,2348144.743055275
2024-03-12,32831284.687206656,14.9892437474619,6906903614.768991,299793499.95517063,,7.639637300855763,344486372.75760037,4.340490568221105,5.33,2190322.9569380987
2024-03-13,33649793.47730682,14.662311629382492,6726920355.268401,246876855.1066965,,7.645340566858162,344476759.7965362,3.6699833217639783,5.33,2294985.560794822
2024-03-14,27727193.990337003,14.489038346999688,6669591745.645336,205916341.3859062,,7.648037452594095,344492063.93469846,3.087390491634689,5.33,1913666.9616226533
2024-03-15,26708291.147460204,13.921523766399222,6401499841.699631,250630996.68028596,,3.4120292026057495,344474013.2031079,3.9151917968921195,5.33,1918489.0674053172
2024-03-16,25741582.153731316,12.833308223169084,5913083738.524797,263811923.8370092,,11.885871136312593,344527043.13322014,4.461494805463811,5.33,2005841.4951226532
2024-03-17,24770003.82951793,12.223086058726812,5634197597.490113,187307662.8852847,,7.4892528917338606,344523213.93943155,3.324478058219423,5.33,2026493.4494045472
2024-03-18,25537836.997334942,12.615279863991194,5798883969.655959,168830344.2746327,,7.642081084755463,344566330.29726565,2.9114282189138057,5.33,2024357.5467738642
2024-03-19,24967167.368860982,12.37109497560048,5699658498.35204,190816101.53204423,,7.63341171257358,344531699.70152694,3.3478514824566328,5.33,2018185.7319908824
2024-03-20,22168503.603942364,10.969713179155692,5066448835.167204,222437876.1517242,,7.648738236285302,344602079.93469906,4.390409996993156,5.33,2020882.7014790385
2024-03-21,22115223.726230685,11.91275733885076,5501090662.732472,198604390.38873705,,5.950320901765297,344516637.7631055,3.6102729906670428,5.33,1856431.9827204817
2024-03-22,22915316.867345758,12.782411891868376,5897750636.776157,228152359.73840615,,7.645339953799067,344231477.3363503,3.868463992284342,5.33,1792722.4581085125
2024-03-23,23674611.67680688,13.325458639538164,6146078531.059205,360267541.8246144,,7.622602529037316,344274774.0025636,5.861746477920882,5.33,1776645.1660103907
2024-03-24,24051091.565173868,13.499599249112473,6240014589.631871,185368123.79193032,,7.5269975333336765,344308415.6637598,2.9706360638952622,5.33,1781615.225856064
2024-03-25,25988934.318559,15.128127242424451,6975034572.092858,332323304.5740849,,7.636855098107113,344309906.3495218,4.764468206418815,5.33,1717921.452014042
2024-03-26,27629414.250231896,17.478379709362073,7999856536.585839,671953539.328035,,7.626043037365507,344350355.4842396,8.399569870471826,5.33,1580776.634314252
2024-03-27,29821550.579614483,19.137002046456708,8823625055.722754,737853508.4160256,,7.627645018286847,344436736.0975263,8.362249118206522,5.33,1558318.826910303
2024-03-28,29096422.10847744,18.4140753132997,8446772479.191746,673819084.3314779,,7.435583299252811,344451120.58862424,7.977237293787677,5.33,1580118.5567793532
2024-03-29,27908772.722183,17.921394664345144,8262885732.766941,407423318.1297968,,3.392241897784356,344456879.86043745,4.930763068816703,5.33,1557287.9926419945
2024-03-30,27845140.595771,17.2084934096673,7937025314.981523,292417256.8565834,,8.803806501619492,344992124.6689408,3.6842172634202335,5.33,1618104.49833617
2024-03-31,27221029.608839,17.88075485747106,8234872156.178937,313017451.50362825,,6.421292008800197,345479965.6556706,3.8011209593431197,5.33,1522364.6778796546
2024-04-01,34670705.131412864,18.777754955832787,8702957895.858997,279224572.12920284,,7.577832720756221,345473249.57773674,3.2083870273813715,5.33,1846371.1563476003
2024-04-02,34506380.19224527,18.107734971098573,8374101818.785353,375159660.4006858,,7.578438995786958,345511133.7766723,4.479998792934452,5.33,1905615.4868248445
2024-04-03,33343260.672033425,17.92067933872016,8291169800.775832,409138217.5896878,,7.56937853119858,345499579.22932154,4.934625962568074,5.33,1860602.4940131928
2024-04-04,34123071.429661,17.86838230829584,8258925415.462003,386838854.39287066,,10.997368492762993,345545295.735407,4.683888459249768,5.33,1909690.023467794
2024-04-05,33749776.836161,17.781057894471513,8196500218.922029,296452810.1684709,,-9.147076084262591e-07,344936114.11378634,3.6168218416452285,5.33,1898074.7397855604
2024-04-06,33135726.808448456,16.885503698534883,7804104237.612076,262249319.10109693,,21.916411148150498,344830918.22728306,3.3604025666030926,5.33,1962377.1609089498
2024-04-07,37426080.86391828,17.054554190229368,7887849456.910939,117174089.08541144,,10.658267572341831,344815905.812714,1.4855010827158899,5.33,2194491.8903456214
2024-04-08,38159484.23510511,17.119351359262602,7911157360.784608,160527444.49580336,,10.947917608158347,344830655.82166696,2.0291271829774686,5.33,2229026.289273427
2024-04-09,38438523.64891335,17.79678065982471,8234121204.75209,208001416.2047255,,10.978373845036918,344813913.1832258,2.526091261380551,5.33,2159858.256593918
2024-04-10,110904743.64269426,16.06212723209569,7435570069.861547,212893179.0366661,,-0.002465949942624706,344840131.8332595,2.8631722522470997,5.33,6904735.72025267
2024-04-11,107790308.00545068,15.940769804549747,7368664000.418385,251507986.0441709,,13.300804718252056,344846699.2280564,3.4132101291345425,5.33,6761926.138265018
2024-04-12,107722472.03490022,15.53098403601724,7184681422.864164,176138755.78483102,,10.94114817076989,344785889.7019072,2.4515875571642747,5.33,6935972.104863777
2024-04-13,98400889.71568193,13.95683832447806,6430284542.847287,298992094.7490951,,10.926004537037175,344837803.67002517,4.649749054754945,5.33,7050371.110418505
2024-04-14,87119881.68993622,12.408572411859543,5761720914.028263,386294657.4135214,,10.92856869663851,344837430.3961169,6.704501366475359,5.33,7020943.167214871
2024-04-15,90327550.26757516,12.884734517129951,5991592966.952184,254501933.3206248,,10.92257327243329,344828600.7278253,4.247650578475216,5.33,7010431.619486363
2024-04-16,89877946.97358209,12.334175733001556,5697499257.1698885,241456180.3211833,,10.9540731904074,344876609.1533902,4.237932633643229,5.33,7286903.390966202
2024-04-17,88614108.88814662,12.236402842764708,5660417332.995779,213862221.16604888,,-0.0003911416312735833,344829898.84858865,3.7782058916292343,5.33,7241843.050349022
2024-04-18,84596291.06255944,11.881633475786368,5500035420.384068,184434098.6952091,,-0.009277847047800089,344856716.733326,3.35332565335243,5.33,7119920.946472435
2024-04-19,88287839.36602163,12.782393648281037,5922571109.022252,184691905.20817468,,32.44971225548923,344478800.11575955,3.1184413290846105,5.33,6906987.986392869
2024-04-20,95479474.81977896,14.08294062514502,6522678934.313413,299192950.4155424,,10.7894579533079,344515243.7513137,4.58696424319766,5.33,6779796.731465361
2024-04-21,99826696.10425352,15.51931673815896,7179052553.466728,242931468.57011837,,10.780351503655734,344544976.34532267,3.3838931636293426,5.33,6432415.665491202
2024-04-22,99354163.1214424,15.101479645850189,6996735020.214455,194839901.86560372,,10.801793296481925,344461343.07378983,2.7847260372543268,5.33,6579101.217326372
2024-04-23,100363386.10780266,15.090775607571045,6994746199.177721,179188570.5132556,,10.775076028830638,344488604.819005,2.5617594321623907,5.33,6650644.653244352
2024-04-24,98157815.3839582,14.49003499882927,6705540833.581805,171994804.30441895,,10.843132495254237,344511789.07102853,2.5649654304251976,5.33,6774159.992842593
2024-04-25,93331505.6574257,13.705467415101362,6346392324.581626,223501464.2471276,,-0.000676779132464934,344529885.20657265,3.5217089145503073,5.33,6809800.996249747
2024-04-26,92055882.6006262,13.809033140760892,6397883852.160114,175547339.2055483,,21.58156146733632,344515467.6876664,2.7438344187239085,5.33,6666352.500009557
2024-04-27,92560312.329751,13.049765453473686,6038310320.1089,116675319.9700167,,10.791598629900575,344514192.838919,1.9322511395524382,5.33,7092871.719400335
2024-04-28,91386108.54433154,13.318090941769253,6161318589.366837,119673437.06665994,,10.789245258934635,344560878.3641834,1.942334831917174,5.33,6861802.411764525
2024-04-29,95432237.10340564,13.533972815183082,6269405357.163719,132304144.13695347,,10.819721060816827,344550076.315528,2.1103140824317013,5.33,7051309.944729977
2024-04-30,92314629.06412534,13.450072387953028,6232140976.347868,142522264.6045464,,10.80862957770217,344503652.9704534,2.286890895848551,5.33,6863504.254951801
2024-05-01,89158062.27028158,12.848288212727772,5976397498.302571,214168981.7529512,,10.749707208329747,344521006.1870006,3.5835799378100255,5.33,6939295.009117232
2024-05-02,89365022.172784,13.218484873330878,6139814900.02008,239224042.5234792,,-0.0006591683255865745,343397461.91267735,3.8962745036938626,5.33,6760610.087248618
2024-05-03,93804178.2997654,13.518949207812328,6264314096.497525,145753049.65992978,,21.51679723894681,343396057.9972055,2.3267200113963407,5.33,6938718.154629788
2024-05-04,94776641.61781707,13.605617286402298,6315175827.69991,176583255.2222702,,8.402663498547302,343429309.3444883,2.7961732189265853,5.33,6965993.502737915
2024-05-05,91889130.89600945,13.166114027720685,6104718490.462302,117414227.21127346,,10.805054185976454,343444461.1297887,1.9233356524910266,5.33,6979214.269490668
2024-05-06,90971054.65150356,12.995124938153154,6016638180.712765,102257418.04670092,,7.431365744424712,343403783.6392314,1.6995773216761216,5.33,7000398.617516656
2024-05-07,92076790.11343408,12.791725808018755,5938789536.238265,206964266.4480764,,7.286303870440852,343421659.3353473,3.4849570806506684,5.33,7198152.266187089
2024-05-08,89957385.32550508,12.430500577048027,5769853564.517934,118944353.16900064,,10.818847214472814,333330110.90907955,2.061479582436133,5.33,7236827.251478878
2024-05-09,86475702.76159336,12.06027239816523,5597597754.750985,116228203.2430307,,10.828416760787173,333196003.26496786,2.0763943451345983,5.33,7170294.327244979
2024-05-10,86314613.91884893,12.182186397247824,5641490486.019404,126021900.19776814,,4.063559072356009,333206111.4954252,2.2338405162620116,5.33,7085313.843034692
2024-05-11,85113670.01704149,11.867230962579232,5503052177.307462,128941310.20372067,,7.4007240293112995,333204770.26792216,2.343087182335407,5.33,7172159.224458444
2024-05-12,85703994.2788548,11.864306460254154,5502533516.824472,59681133.705040194,,10.773529704504497,333183745.0303385,1.0846119069072448,5.33,7223683.454735952
2024-05-13,84325583.85177946,11.72205656108116,5431722676.291178,54450863.2045746,,5.7049348854312125,333196917.8433986,1.0024602957409097,5.33,7193753.3667728575
2024-05-14,84458608.05423152,11.775508616366617,5454910078.475777,138521532.73166448,,10.770132412681924,333176915.2364623,2.539391680868376,5.33,7172395.758501987
2024-05-15,84940219.32779762,11.838334614564909,5503334823.733015,162197269.86597356,,10.804802077233608,333379007.8530926,2.947254256937108,5.33,7175014.230742742
2024-05-16,88351679.83248983,12.486197485861824,5807540300.45712,133867658.42484596,,6.819323914741098,333388541.160342,2.3050663705994268,5.33,7075947.656004226
2024-05-17,86540111.28704979,12.164462563207495,5646053577.366398,102378625.42637348,,10.792258915696799,333374631.3573224,1.813277611051789,5.33,7114174.657316805
2024-05-18,92202935.6740408,13.10883804790182,6069002904.188871,134173109.0717997,,10.789152876844343,333409166.55208915,2.2107932915832422,5.33,7033646.7150724055
2024-05-19,94572358.6157382,13.22467548497734,6140377244.259905,113795255.21656588,,8.204581340841779,333440439.88236445,1.8532290556405633,5.33,7151204.483101934
2024-05-20,90948417.93120068,12.618827096496863,5849988799.230059,90501590.95222262,,8.219077224947574,333458125.7236966,1.5470387048285275,5.33,7207359.070356788
2024-05-21,94358557.37084286,13.57495974728147,6303561684.625895,133180985.56644024,,10.7743172546094,333233298.6439962,2.1127894392032798,5.33,6950927.231275154
2024-05-22,94799860.23817638,13.297963218490398,6174864591.069695,151824706.72836918,,-5.273081118299721e-07,333077619.90170234,2.4587536210582392,5.33,7128900.770785722
2024-05-23,93521543.92681384,12.811430000838577,5944257102.075865,113077259.7254928,,21.540378130129724,333108631.8452695,1.902294227583187,5.33,7299852.079017905
2024-05-24,89021172.02767952,12.28318750156398,5707850217.686776,153231620.45782486,,6.087764246846729,333134814.4139622,2.684576760318793,5.33,7247399.912795008
2024-05-25,88979557.34234422,12.403423922799496,5755214124.925803,67533590.39920501,,7.751590722494386,333091896.91731596,1.1734331500667783,5.33,7173789.906413295
2024-05-26,88501573.12259813,12.320404745188265,5715196225.686296,49320183.96163301,,10.71932317488772,333090869.70815134,0.86296571480729,5.33,7183333.255115862
2024-05-27,87998829.19303621,12.06452144977225,5604472105.720834,58663934.736164734,,8.234970670441069,333062468.1907599,1.0467343512385903,5.33,7294017.384725809
2024-05-28,88145294.94347292,12.382899681578053,5746733985.687664,96811292.06058984,,10.780855521926215,333058927.6418194,1.6846315194282517,5.33,7118308.086966579
2024-05-29,87644893.58490421,12.086601363946228,5618425149.465862,98971432.735078,,10.772114380367277,332984924.42109126,1.7615511482694954,5.33,7251409.304053402
2024-05-30,88958173.44779934,12.066803296844636,5604125184.319769,81221783.7997241,,-5.286409553198882e-07,332814459.8045216,1.4493213682481798,5.33,7372140.844548375
2024-05-31,87343571.58653978,11.973362175831,5562016512.690812,85756406.08140329,,21.48543140959238,332807163.7602534,1.5418222129641925,5.33,7294824.152471424
2024-06-01,86624837.73695287,11.862422304981065,5516367444.723034,74496491.82658213,394117.0,10.738011274320769,332804145.5431944,1.3504628285384723,5.33,7302457.75355501
2024-06-02,87345024.49416041,12.078696275186488,5598240086.967274,46429602.794931,390946.0,10.723671925335672,333053669.93517727,0.8293606932474961,5.33,7231328.820941965
2024-06-03,86549396.04188964,11.861970635986408,5509700646.416283,53246439.8769801,386927.0,10.714402803968884,333272581.72907245,0.9664125747305999,5.33,7296375.846633718
2024-06-04,87893174.07997385,11.978158592346675,5565196756.075767,70952792.33001904,486898.0,10.746497989600455,332407541.21410364,1.2749377145121923,5.33,7337786.8060732065
2024-06-05,87108703.91608647,12.306185126943973,5722120169.986239,83402440.92035666,564812.0,10.739330159449214,332411925.70659715,1.4575443794036438,5.33,7078449.00897557
2024-06-06,87127206.43096964,12.355815236532392,5722814798.663874,66400642.37445846,717546.0,-5.280156602495449e-07,332403162.1580095,1.1602794203642806,5.33,7051514.18688756
2024-06-07,84806072.12720382,12.09052443981246,5613332393.567438,57438807.263101496,726328.0,14.923264227495286,332408921.8959104,1.0232568327669875,5.33,7014259.186967019
2024-06-08,82865156.65635759,11.514691962236544,5346880500.169299,172366890.15561104,743325.0,10.711383713870202,332356892.481849,3.22369071368162,5.33,7196471.857703292
2024-06-09,79959289.21565528,10.90260310736718,5061888626.222682,96668259.77486078,718944.0,10.731395864728121,332350019.9024342,1.9097271179393225,5.33,7333963.130477038
2024-06-10,80354261.6987695,11.02902049178724,5122204153.472789,104632177.44771168,715944.0,10.725738119740083,332406366.73292553,2.0427178283546623,5.33,7285711.524301301
2024-06-11,80378982.1882777,11.1150261873627,5176336223.731702,161025261.40671125,716234.0,10.72254051057787,332385993.39005303,3.1107960234203182,5.33,7231560.30704319
2024-06-12,75113671.73207144,10.08759816502569,4695512776.773407,178547353.71561494,815424.0,10.72254051057787,332385993.39005303,3.8025102305931,5.33,7446140.350087998
2024-06-13,35018485.16549818,10.50481563290676,4887557373.417573,166278564.69849554,870330.0,-340901.72204317176,332447829.18907666,3.402079034465165,5.33,3333564.946708951
2024-06-14,33299113.009852946,9.797640659625188,4556673852.084461,117148150.29227509,987113.0,-527626.1030337675,332444858.7686057,2.5709136553340413,5.33,3398686.90500911
2024-06-15,32212647.25804716,9.317301090019296,4342327764.724091,111029063.11764687,1017398.0,-79130.8778241952,332402874.6278504,2.5569019459935127,5.33,3457293.7964356854
2024-06-16,30376770.164437648,9.08769389262971,4225493717.9631176,67640032.6834606,1021391.0,-87923.88177819586,332411406.73827595,1.6007604601543748,5.33,3342626.9110003556
2024-06-17,28931278.457579806,9.63066042027023,4477209582.339523,75089101.21008657,1024747.0,-762774.5702923096,332411406.73827595,1.6771406347890792,5.33,3004080.425957747
2024-06-18,27644938.87208774,8.871526056276116,4136277159.475293,114905092.31332196,1125270.0,,,2.7779833865847188,5.33,3116142.4423175165
2024-06-19,26345519.10430996,8.125478811324344,3774548108.912789,179469386.10480544,1190711.0,,,4.754725093608606,5.33,3242334.3554342487
2024-06-20,26482030.508252624,8.364528862455652,3887431196.660095,94553524.79461226,1342181.0,,,2.4322880589075986,5.33,3165991.885940848
2024-06-21,26457332.67197809,8.2481897886927,3845058544.405245,110265954.36687456,1342545.0,,,2.867731481678403,5.33,3207653.236622657
2024-06-22,26579563.456178684,8.376810321644083,3896581849.976141,81848632.32613038,1342761.0,,,2.1005238816331175,5.33,3172993.3513597837
2024-06-23,26142643.933306266,8.193419153780834,3817070170.039149,42510359.48989704,1348052.0,,,1.1136908046272842,5.33,3190687.9707530653
2024-06-24,25762765.765844367,7.885893109865064,3668106789.675196,61838891.32109599,1334345.0,,,1.685853080808798,5.33,3266943.3134486396
2024-06-25,25702391.36382147,8.035612970086145,3742844882.517157,93658963.42905876,1372300.0,,,2.502346914416361,5.33,3198560.142145065
2024-06-26,26128968.84234732,8.288227312309566,3855465504.30165,76427477.69308186,1376010.0,,,1.9823151732990374,5.33,3152540.0858083274
2024-06-27,26953089.392256677,8.105633652767988,3771430264.2604737,63947490.361460015,1548733.0,,,1.695576634876457,5.33,3325229.1612084494
2024-06-28,27145387.46135867,8.241640897742524,3835254033.6094456,54680364.95044492,1532649.0,,,1.4257299378676092,5.33,3293687.2399759726
2024-06-29,26712043.01972904,7.887090403699097,3673616011.8561687,65727837.144750535,1519837.0,,,1.7891863747496086,5.33,3386805.736016531
2024-06-30,26561768.669990264,7.918653622272363,3687164735.23134,35733349.98670467,1521665.0,,,0.9691281120495607,5.33,3354328.8969328613
2024-07-01,26556071.15148045,8.162939316425176,3796969209.587912,51310066.335314125,1532956.0,,,1.3513427026415852,5.33,3253248.6304345387
2024-07-02,23024135.555693425,8.059166913737112,3750239443.6013136,51339793.52742662,1534304.0,,,1.3689737495301255,5.33,2856887.7902811565
2024-07-03,22601898.81944475,7.855190738956697,3660598776.06092,65909054.34625971,1539678.0,,,1.8004992728862468,5.33,2877320.178535431
2024-07-04,21963040.76340634,7.323246854483723,3406651063.4234324,78589509.37460575,1513250.0,,,2.306943326788189,5.33,2999085.1325678406
2024-07-05,21533221.287732765,6.666935000297487,3114630506.9334416,134011814.0617179,1530625.0,,,4.302655283295909,5.33,3229853.191424834
2024-07-06,20741766.17602076,6.805915274134934,3184339914.0685496,205877786.37442127,1487268.0,,,6.465320660801456,5.33,3047608.6375696384
2024-07-07,21971695.85253017,7.540989103405633,3499725601.78239,106859989.99115732,1512448.0,,,3.053381954766229,5.33,2913635.8044341155
2024-07-08,21673403.674187087,6.906687647848516,3208126321.7175794,87547926.0299562,1533773.0,,,2.728942605448418,5.33,3138031.539755314
2024-07-09,21412668.07154944,6.809283268225485,3175736137.6619,114813234.12370424,1507777.0,,,3.6153266249706184,5.33,3144628.7704711147
2024-07-10,21927617.91504732,7.230050108294417,3374643551.0540977,102636895.99445176,1529088.0,,,3.041414432122536,5.33,3032844.528959992
2024-07-11,21969436.422149085,7.207644149014401,3358120019.187627,71075740.61671636,1529140.0,,,2.1165336620074258,5.33,3048074.511996165
2024-07-12,22101692.64850676,7.369182347313941,3428776854.2001143,71182943.9417858,1500081.0,,,2.076044810399065,5.33,2999205.557257354
2024-07-13,21907772.597123,7.3213122490303375,3413209457.1858187,57182534.18558611,1479744.0,,,1.6753303570397622,5.33,2992328.6771472627
2024-07-14,22832954.22163933,8.437307646972723,3937140407.3556113,150359598.58843607,1549933.0,,,3.8190052431842383,5.33,2706189.601825378
2024-07-15,23322626.86549052,8.62608320456839,4021257432.25726,156273986.9499045,1575055.0,,,3.886197031215257,5.33,2703733.1210924108
2024-07-16,24290366.190829866,9.72918210345694,4518993434.832118,186981336.1990356,1674788.0,,,4.137676650684978,5.33,2496650.379500975
2024-07-17,24413102.214972645,9.656887387618276,4502327493.469463,199621346.30217808,1699788.0,,,4.433736697113324,5.33,2528050.8340890743
2024-07-18,25264273.7965658,10.28442518017804,4811656782.103569,231115387.73981684,1613799.0,,,4.803239262605455,5.33,2456556.7208617134
2024-07-19,24830072.716762,9.666290934918631,4514337070.373049,118140595.51337025,1613141.0,,,2.617008736204262,5.33,2568728.0554597764
2024-07-20,25036788.317952,10.13074354083098,4731278734.45594,123511530.28105035,1615935.0,,,2.6105316810351313,5.33,2471367.300637278
2024-07-21,25513125.372561,10.327755313971709,4821513643.703386,117999017.77570891,1638426.0,,,2.447343852895837,5.33,2470345.645974595
2024-07-22,25864279.694084004,10.697578485732544,4974180400.642491,126654763.29414442,1638709.0,,,2.54624386517596,5.33,2417769.5661293278
2024-07-23,25983943.14425047,10.169435238242002,4751653424.422938,120451381.37212628,1842043.0,,,2.5349361709130633,5.33,2555101.884767235
2024-07-24,26222244.70299445,9.657826955354546,4509788278.887221,102061695.39491448,1789932.0,,,2.263115008585235,5.33,2715128.8612037273
2024-07-25,25791063.345084623,9.509100696398328,4441955021.095855,95451633.4811371,1686959.0,,,2.1488653763447756,5.33,2712250.523843255
2024-07-26,26422568.35473765,9.89517879281661,4622574792.399747,134203738.71178776,1684022.0,,,2.9032248203412565,5.33,2670246.68355857
2024-07-27,26679219.29263813,9.716287165291694,4539756191.900319,118804000.68886945,1684304.0,,,2.6169687460493045,5.33,2745824.4943542886
2024-07-28,27314927.418214317,9.718486415799358,4542231258.634052,121104381.55276293,1634470.0,,,2.6661870489874984,5.33,2810615.382844843
2024-07-29,26796525.292400174,9.35893476780642,4374016093.895033,61758638.61718343,1634787.0,,,1.4119435615104874,5.33,2863202.4858829994
2024-07-30,26476598.93696677,8.934614830998875,4173334409.699735,110707835.45375337,1609635.0,,,2.6527429768495026,5.33,2963373.2889195774
2024-07-31,26154012.3691319,8.823990512151033,4123317522.04007,78918091.99360894,1613355.0,,,1.913946514469812,5.33,2963966.5107432567
2024-08-01,26531981.87267832,8.957430310224941,4187412423.49797,103159387.65172409,1610130.0,,,2.4635592871826444,5.33,2962008.182457413
2024-08-02,26094736.7045442,8.90124999187486,4159634052.209999,121048642.45116524,1557950.0,,,2.910079130322835,5.33,2931581.1519015543
2024-08-03,25768489.443055984,8.293901865284024,3873209699.5538416,115881307.97828788,1605104.0,,,2.991867648984674,5.33,3106919.983092125
2024-08-04,24890872.97791877,7.765283898382919,3631093153.661533,95577691.19804037,1568108.0,,,2.632201575485923,5.33,3205404.1170474356
2024-08-05,24229856.743875902,7.319099946682741,3415302226.291573,105732459.18038082,1706214.0,,,3.095844882084944,5.33,3310496.771513235
2024-08-06,23673237.916644104,7.0816730519115145,3312341859.8619804,283956027.3356703,1526085.0,,,8.57266669170139,5.33,3342887.724851139
2024-08-07,23920121.47254051,7.664923598421586,3589071425.9113803,148893422.71512035,1810775.0,,,4.148522139742915,5.33,3120725.3621505513
2024-08-08,23563114.63130966,7.026455503894376,3299000392.662105,114197841.68254644,1733102.0,,,3.461589211585249,5.33,3353485.212885775
2024-08-09,23906026.56960492,7.705055157922681,3600636584.10729,131686606.24381898,1848480.0,,,3.6573145655705823,5.33,3102641.8474141196
2024-08-10,24162293.986699607,7.440972483260896,3485811153.9323263,91238042.90497492,1772308.0,,,2.617412099391837,5.33,3247195.718174574
2024-08-11,23940170.2825984,7.369739903059788,3453559464.895325,57317268.27000131,1768526.0,,,1.6596577777976251,5.33,3248441.6814572867
2024-08-12,23280591.614825036,6.833640249867757,3201485870.376996,79222649.7031222,1654218.0,,,2.4745587802264204,5.33,3406762.8326316355
2024-08-13,23733173.55832111,7.290437694517433,3417555528.877392,136262402.38435653,1652566.0,,,3.9871306035257423,5.33,3255383.908728686
2024-08-14,23950952.217483085,7.376826958771235,3451097134.234731,86282291.13500026,1828695.0,,,2.5001409053104804,5.33,3246782.4379430227
2024-08-15,23775512.57705819,7.134039457034902,3344269121.031968,81814041.07425219,1831696.0,,,2.4463952544885554,5.33,3332685.881574859
2024-08-16,25387278.781773467,6.947414501639226,3256851980.7758827,73095856.48292302,1700613.0,,,2.244371464051287,5.33,3654205.2839633212
2024-08-17,82995198.94689175,7.024452285051243,3293726386.3167515,74577765.87712902,1870088.0,,,2.2642368287466184,5.33,11815184.384341832
2024-08-18,81348243.27957906,7.2621518859907646,3403516309.163548,70525151.28681777,1981935.0,,,2.072126144861933,5.33,11201671.977765422
2024-08-19,26342852.77052436,7.132054909079754,3344368688.5182447,64011270.51185423,1981733.0,,,1.9140016090814154,5.33,3693585.243852724
2024-08-20,25706950.228584647,7.230839173528626,3392094471.624336,81698077.79363382,1980505.0,,,2.4084847423047133,5.33,3555182.131929473
2024-08-21,25113171.136355504,7.271521618054433,3412876274.6223016,69092220.26478052,1976134.0,,,2.0244572233262943,5.33,3453633.566047869
2024-08-22,25915482.59883819,7.68729235766708,3607045069.04193,81674962.41151056,2043195.0,,,2.2643177683722233,5.33,3371210.7453531213
2024-08-23,26790162.64084044,8.03979654123912,3772923737.352364,70557980.90269357,2111863.0,,,1.8701141558776213,5.33,3332194.105090059
2024-08-24,28113262.445989363,8.673129871265921,4066538342.114283,117328496.44710743,2405862.0,,,2.885218005496679,5.33,3241420.6708847517
2024-08-25,28743359.844498985,8.707779039532038,4076939184.781124,83280374.89680155,2416808.0,,,2.0427181059673463,5.33,3300883.0051851743
2024-08-26,28553762.668649662,8.518455985904966,3998042290.2472615,89288087.70173433,2348350.0,,,2.2332952285057557,5.33,3351988.0499348766
2024-08-27,27918048.20486595,8.084722476344231,3795438544.349715,75920277.95304002,1772715.0,,,2.000303181461411,5.33,3453185.719924675
2024-08-28,27531052.877414964,7.720907308649243,3630262096.892951,91701422.41405971,1714358.0,,,2.5260275970857484,5.33,3565779.483788605
2024-08-29,26957958.07812942,7.745790110784914,3650041958.088613,96261338.67755993,1598303.0,,,2.6372666337229806,5.33,3480336.7626233874
2024-08-30,27149079.433715302,7.784791370458854,3652163683.437312,81867862.52799444,1735437.0,,,2.2416263241230947,5.33,3487451.126402514
2024-08-31,27259372.978451543,7.628852415278135,3580777210.0782022,86059352.01208282,1709214.0,,,2.403370747832796,5.33,3573194.4327379824
2024-09-01,27280050.204717528,7.560674813247991,3546647313.584041,49446840.80538101,1701540.0,,,1.3941854499034703,5.33,3608150.1821658546
2024-09-02,27065669.48443596,7.204523783428778,3378167160.414624,61422467.7348015,1694182.0,,,1.8182187209250689,5.33,3756760.3769578873
2024-09-03,26559102.68050125,7.519265022073395,3527148425.278176,66052263.463986285,1692405.0,,,1.8726817105457347,5.33,3532140.788033792
2024-09-04,25944925.854641218,7.152806820686255,3374234238.1119585,57352401.042223856,1631365.0,,,1.6997160539250291,5.33,3627237.0420528157
2024-09-05,27028989.13717176,7.574463203379647,3555914339.3262134,95918470.23360205,1633041.0,,,2.697434782744992,5.33,3568436.2589697056
2024-09-06,27258403.614267487,7.231560532785812,3397909360.1172237,64872623.11889687,1584521.0,,,1.9091922780617918,5.33,3769366.7211503987
2024-09-07,27798909.818624277,7.032312225828182,3301443301.201778,114273353.02563478,1692259.0,,,3.461315024978241,5.33,3953025.5378202368
2024-09-08,27860280.12089313,7.05598312876133,3315633817.146863,46893418.98059024,1707342.0,,,1.414312362785059,5.33,3948461.8390497724
2024-09-09,52089044.532132246,7.402592291441077,3475746741.9443283,62100105.58534662,1774769.0,,,1.7866694611531995,5.33,7036595.084718892
2024-09-10,53919616.297704056,7.78169875988636,3658265386.214363,85734181.64411426,1782074.0,,,2.343574688900126,5.33,6929028.989872062
2024-09-11,59756203.31229836,8.94067606343614,4201338065.0396094,176907089.26383224,1675834.0,,,4.210732069764169,5.33,6683633.641160293
2024-09-12,58588357.67392819,8.696378266885166,4090617310.887348,231206255.2262872,1868603.0,,,5.652111592324271,5.33,6737098.580109618
2024-09-13,56846428.33260597,8.51502288537367,4008049693.674381,117229485.60626124,1856551.0,,,2.924851101304362,5.33,6676015.918906288
