Date,TVL,price,market_cap,total_volume,StablesMCap,StakingRewards,StakedAmount,Liquidity,InterestRate
2023-05-06,32758797.901883136,1.3090165398164966,691632510.0649327,538600405.4654943,,,5043079440.097262,77.87378378366407,5.08
2023-05-07,36013053.677116245,1.335342073476207,705681473.6859394,314740496.38104,,,5268920710.240207,44.60092947276577,5.08
2023-05-08,35861774.73616449,1.280845070509632,678445018.1349874,213613958.5905251,,,5525698214.992006,31.485817255720967,5.08
2023-05-09,25818061.633900438,1.1456395054118766,599711576.8404514,419512568.2440893,,,5977616409.840561,69.95238785522018,5.08
2023-05-10,21522827.30463496,1.181978912252886,624083328.3731753,237912834.1875021,,,6348559749.292169,38.12196598933025,5.08
2023-05-11,28456415.11260337,1.181598604138486,624301915.0826889,449633752.8284732,,,6414272610.221372,72.021844233638,5.08
2023-05-12,28284769.51952994,1.079040552747943,572336615.2329079,207659511.37651756,,,6534872141.424485,36.28275840643397,5.08
2023-05-13,27970966.45325865,1.1179222265978297,591489222.2425399,266987063.3651105,,,6534872141.424485,45.138111283392504,5.08
2023-05-14,32111901.37331909,1.0989088879653923,581908259.8392556,94038649.88875328,,,6555558587.130777,16.160390972063226,5.08
2023-05-15,34480691.51786071,1.1607268926318264,613922798.1246532,215749196.17063692,,,6559322425.545659,35.14272426918904,5.08
2023-05-16,35744905.869947344,1.2148245699756746,642057577.7481537,330968347.82282114,,,6563699752.024027,51.54807906537053,5.08
2023-05-17,31569288.13260818,1.1654712570041563,615627648.6858141,205023386.00742084,,,6727036681.86654,33.30314784351972,5.08
2023-05-18,28011460.922214,1.2137379181339818,638355492.8665025,257130613.8946596,,,7015244432.703265,40.28015999988154,5.08
2023-05-19,24216268.67491645,1.1437684965614368,608424932.429319,114791181.66085409,,,7115897237.1983385,18.866942418437038,5.08
2023-05-20,23568789.43874468,1.132540771643802,602342135.3570111,67041016.472955614,,,7144966109.26076,11.13005591634729,5.08
2023-05-21,22463447.512155488,1.128792439558394,596271422.1070783,65169899.474980704,,,7157602096.918591,10.92956949784481,5.08
2023-05-22,24487537.49509381,1.0731953393699492,571102577.3127801,92323368.65177116,,,7186172418.264633,16.165811943308338,5.08
2023-05-23,23197440.533954065,1.0589647989622972,559481050.3989662,108892319.73151384,,,7210517533.55703,19.463093460245467,5.08
2023-05-24,22772489.87791748,1.057345369919909,558419791.5427227,123214315.72577676,,,7235050076.243062,22.064818903602575,5.08
2023-05-25,20249865.18245294,0.9859535265581614,520524718.1781283,228023011.6681132,,,7290286131.321206,43.80637531800779,5.08
2023-05-26,20230948.752068795,0.9864726642611362,521761830.1357402,131688903.53783162,,,7291824551.501112,25.23927507375765,5.08
2023-05-27,18478426.379964363,0.9945585216130004,525355230.8977198,97780762.12037791,,,7293980541.392254,18.612313415684753,5.08
2023-05-28,19208107.895810027,1.0026053211586403,529619890.73234135,70058258.50082897,,,7295147559.056238,13.228026312220761,5.08
2023-05-29,19288882.69838187,1.0639919210290905,562774155.1102034,129158742.77271084,,,7299265808.70669,22.950368562575292,5.08
2023-05-30,19244668.813674383,1.0430039573926395,552015905.6495198,233025095.8870872,,,7289775047.599861,42.213474920238454,5.08
2023-05-31,18935331.36716751,1.004961600586773,531980984.24736047,153348696.68822634,,,7315727619.322457,28.82597333910008,5.08
2023-06-01,19520294.104729325,0.9782248126191638,518537296.58556825,76930674.35340461,,,7314914405.569904,14.836092767091754,5.08
2023-06-02,19290229.6786293,0.9460909620025356,500389366.7686001,64604991.81030515,,,7316817099.007723,12.910944176833612,5.08
2023-06-03,19486589.739827435,0.9490422096106056,500871012.3592667,150726694.0156586,,,7318349995.0045395,30.09291619925985,5.08
2023-06-04,19547094.99143254,0.9349483311341398,494510048.47329545,106904005.85095344,,,7320060966.752826,21.61816654302556,5.08
2023-06-05,19649279.41862721,0.963233228037502,510702163.1825978,82209934.33655794,,,7318081651.685742,16.097432175387983,5.08
2023-06-06,18324493.745471563,0.8187850614245712,437261118.380187,197052033.42101687,,,7346612604.266828,45.06507099258831,5.08
2023-06-07,18442066.830569062,0.8385264996449133,443496956.4992561,163744550.82895708,,,7369192712.58241,36.92123439165738,5.08
2023-06-08,18617109.471837822,0.7632292249205819,403156331.9896886,122162786.76992837,,,7369192712.58241,30.301591982202304,5.08
2023-06-09,16545550.66240831,0.7395497079384044,391105931.03943735,130773289.98851427,,,7383561117.897843,33.436795407566365,5.08
2023-06-10,18267250.08188238,0.7458647507376053,393813187.2043903,116584925.01146224,,,7390879540.187396,29.604119110149124,5.08
2023-06-11,13064924.620775608,0.6175099248475145,326197748.9755042,240465818.5501023,,,7391979561.0724,73.71780440096171,5.08
2023-06-12,13761920.465889232,0.609277693383773,317943382.69168323,88603072.62576109,,,7396785337.598893,27.867563047123223,5.08
2023-06-13,14061111.378012374,0.6713173696892397,354259934.8256559,264751794.73612425,,,7399457185.802282,74.73376713243573,5.08
2023-06-14,13779202.390648212,0.7065914268410178,373360212.2602316,336591166.4098315,,,7399457185.802282,90.15185747088334,5.08
2023-06-15,13633709.144773584,0.6604368478771987,347527927.38884217,197823408.25167704,,,7395932152.681224,56.92302478768456,5.07
2023-06-16,11756411.015647704,0.6566471300841255,346380946.3359682,136427892.4426818,,,6955944509.779092,39.38666196447051,5.08
2023-06-17,11758156.933507768,0.7057917414984058,372711540.03249,83457024.96204142,,,6955946651.886956,22.391854288913702,5.08
2023-06-18,12047078.857799646,0.753241693407009,398380483.11548615,168980829.48020262,,,6956448459.107618,42.41694476564429,5.08
2023-06-19,11684454.80205516,0.7172679497260988,378941430.1034536,125474128.82157704,,,6961640520.501517,33.111747318661294,5.08
2023-06-20,11991772.810060969,0.7836597214915425,413497168.8122816,126385744.05027446,,,6972748080.047432,30.565080871847695,5.07
2023-06-21,12213088.941260813,0.8241599419116046,433168419.85730726,247533157.9458193,,,6962830613.409015,57.144784014347294,5.07
2023-06-22,12513017.226216253,0.8337669684245278,440088231.125486,181894819.6313838,,,7019707198.812203,41.33144373486294,5.07
2023-06-23,12371633.208520409,0.8085036288960571,427665893.4805654,292566156.0156844,,,7020993157.060022,68.40998089294197,5.07
2023-06-24,12432093.166233215,0.7971244391555352,421164677.6264021,116582188.32114698,,,7022139123.709377,27.68090357866199,5.07
2023-06-25,12289887.6809705,0.754771500654631,398696125.7036805,78622974.78778952,,,7199186832.48361,19.72002478053268,5.07
2023-06-26,12239513.425532352,0.745346772919725,393729632.01689273,67055199.09002938,,,7410328839.044663,17.030772803798627,5.07
2023-06-27,8864211.745557055,0.7235424525391886,381325577.6936688,76346227.89621352,,,7411574829.977862,20.021271155732677,5.07
2023-06-28,11832094.054824524,0.7204883806397968,380272471.2462124,83049450.58965884,,,7411875696.12214,21.839459037750693,5.07
2023-06-29,11792178.669166371,0.6648730556086109,351259819.6627675,71709664.27390584,,,7482307535.350467,20.414992054244014,5.07
2023-06-30,11940636.679444114,0.6803560069732029,359758178.4648846,88424107.02792645,,,7412223420.053536,24.578762157746855,5.08
2023-07-01,11998017.528453156,0.6906588651383738,402155938.9431744,104020327.31048325,,,7413221465.451363,25.865669815504468,5.08
2023-07-02,12005671.11885752,0.6880945850342005,449073575.2574278,40123414.203593336,,,7147165868.972147,8.934708344972849,5.08
2023-07-03,12317173.37731175,0.6899442713303812,449551082.71969056,68436995.33866568,,,7415294378.93298,15.223407966150607,5.08
2023-07-04,12923553.104434451,0.6973958590863572,456482449.5990729,97498159.73221532,,,7417318918.2171335,21.35857792952339,5.08
2023-07-05,12849212.966492487,0.6870499962960671,450273281.2317324,88358763.22144273,,,7387152585.089613,19.623363611479544,5.08
2023-07-06,13265694.002825577,0.6625881294787315,433953011.3084106,57045685.52290961,,,7387182255.007168,13.145590429459475,5.08
2023-07-07,13150344.677708274,0.651705931497926,427262430.0721588,52859655.31580468,,,7387182255.007168,12.37170684697866,5.08
2023-07-08,13236009.686408944,0.6600909598662207,431880139.3739062,41694454.92370676,,,7387182255.007168,9.654172795292448,5.08
2023-07-09,13413085.92861154,0.6520490585004002,426665103.05986905,22164088.3815823,,,7387182255.007168,5.194727251568138,5.08
2023-07-10,13398346.543091567,0.658571813615854,430796022.1161703,19517696.56099427,,,7387182255.007168,4.530612066731444,5.07
2023-07-11,13290333.696454236,0.6549754789040588,428236356.2617998,40556398.41565071,,,7387182255.007168,9.470564052449761,5.08
2023-07-12,13202202.559998598,0.6553414310824939,428917292.1897769,27431884.8852443,,,7387182255.007168,6.395611784545843,5.08
2023-07-13,13153822.678222954,0.6563418431982114,429791947.4365503,52156442.9739056,,,7445121005.355268,12.135276913629331,5.08
2023-07-14,13396442.99639131,0.6988129568609017,456311828.1423075,113123860.93100443,,,7441265912.084773,24.790911379953336,5.08
2023-07-15,13161227.3838169,0.680591669712429,445149641.75175744,152536037.39922678,,,7377831192.84671,34.2662383819889,5.08
2023-07-16,13329213.495119896,0.6823419430169186,446687733.2285746,54393033.473430246,,,7353662281.776448,12.176970493522997,5.08
2023-07-17,13301386.002316792,0.672586648391501,440025749.20630926,48697929.86042738,,,7354857133.367919,11.06706367712927,5.08
2023-07-18,13260383.466893565,0.7220625055868117,472721487.0666131,76764973.98176455,,,7356125443.258587,16.23894324290516,5.08
2023-07-19,13317729.050247662,0.7398736333968843,483757415.1685947,457671907.7260539,,,7399997014.0558605,94.6077296957919,5.08
2023-07-20,14555056.863919845,0.7102786861561137,464598155.04582906,107433977.8702718,,,7400940509.712675,23.12406467900723,5.08
2023-07-21,15117828.861453,0.6891838719866634,451351401.8638324,70361282.64988749,,,7402795976.388266,15.58902495025698,5.08
2023-07-22,15863318.566003053,0.6842529274162652,447960030.6858541,42117186.764734246,,,7388702619.567115,9.401996579973948,5.08
2023-07-23,15698900.584964791,0.6910828033348773,453454071.0760115,39911146.44501077,,,7389944120.687564,8.80158520802442,5.08
2023-07-24,15665622.273901151,0.679475370190247,444747999.04594535,37368238.56044113,,,7391521447.292404,8.40211504955658,5.08
2023-07-25,15636849.099618789,0.6370586397151624,416810252.73359406,60200069.54740013,,,7401004981.913903,14.443039525200271,5.08
2023-07-26,15665785.550295912,0.6374616294762335,416887370.0263757,38899761.24821562,,,7402141176.763717,9.331000180157654,5.08
2023-07-27,15472085.57134953,0.6341662011398708,415079814.34390426,43009477.57994456,,,7400391207.4058,10.361736729579942,5.33
2023-07-28,15519630.489332568,0.630214212632891,412508477.9439287,33349240.587589,,,7352073593.555194,8.084498227481783,5.33
2023-07-29,15055633.192392388,0.6305469789368351,412769311.1721688,30459741.852608528,,,7360790810.800148,7.379362037868065,5.33
2023-07-30,12859475.144115206,0.6394881413856719,418915793.9561125,21843731.61149388,,,7411137028.436963,5.214349023513382,5.33
2023-07-31,12806579.023319123,0.6213552127302281,406611521.9025568,31915182.461236343,,,7412420783.408447,7.849060034478001,5.33
2023-08-01,13007856.727794744,0.632744627729473,414132486.2592132,35831870.58600249,,,7413685377.37166,8.652272346384983,5.33
2023-08-02,13445662.140296817,0.6463208199830991,466009362.01141,76230790.64546101,,,7415077150.932018,16.358210126172214,5.33
2023-08-03,14624684.233871955,0.6129886476982905,443370973.61051816,53138860.93830896,,,7409075148.642168,11.985191656905602,5.33
2023-08-04,14865055.672146238,0.5929448524667372,430114102.7953595,72799218.15199964,,,7410206199.176013,16.92555944547491,5.33
2023-08-05,15657346.024159962,0.592119365142706,427985072.5536657,49639988.65511548,,,7410909621.760971,11.598532714921044,5.33
2023-08-06,16333124.863266796,0.5914341600819976,427356842.7019684,44593599.78904628,,,7412281912.903054,10.434745705041893,5.33
2023-08-07,16634670.82652682,0.590853445884995,427316899.40925777,56830001.261806265,,,7415326890.209818,13.299263694080581,5.33
2023-08-08,16631812.708009956,0.5820246988508297,420666567.8177416,64011189.29817539,,,7417432038.017524,15.21660958945255,5.33
2023-08-09,18113942.40847287,0.5950100321940917,430357739.6377232,65966658.24923573,,,7429236118.198151,15.328330868353085,5.33
2023-08-10,18454791.56139701,0.5955158159634059,430777747.0834175,76349898.61722948,,,7434382217.877349,17.723733209098377,5.33
2023-08-11,19512184.21991,0.6040175353243143,436617816.15880567,61648070.79935179,,,7436428012.8909855,14.119458372474956,5.33
2023-08-12,19731033.896516204,0.6048150891816143,437248457.2392873,62034916.46531843,,,7444508103.793326,14.187566688513067,5.33
2023-08-13,19900764.605743363,0.6077523668410625,439665456.5220118,50181853.98901915,,,7445372387.395073,11.41364490764964,5.33
2023-08-14,19047233.059313297,0.5977587868976963,431492512.52430034,51656831.57804433,,,7446529951.485361,11.971663488630103,5.33
2023-08-15,22235821.601309143,0.5991956290229634,433439583.0047857,55356388.45409799,,,7447713803.912718,12.771419737520093,5.33
2023-08-16,24029489.145512614,0.5629960326894369,407228708.2084727,59785975.15132438,,,7448586119.3172,14.68117889191597,5.33
2023-08-17,24040240.438607138,0.526010528371396,380320905.739538,86290246.335961,,,7450200241.744402,22.68879912561438,5.33
2023-08-18,20866057.165027738,0.4735912435757655,343364622.65058774,109335333.81232166,,,7438423241.996812,31.842340940168057,5.33
2023-08-19,24049054.230883226,0.4844218893018529,350791832.3040696,89276365.21903372,,,7447310479.340097,25.449955500003817,5.33
2023-08-20,25510736.758095928,0.5557574958824891,401602065.5001912,128311459.4580644,,,7447310479.340097,31.94990028207495,5.33
2023-08-21,26009696.80122473,0.5444008574291148,393672682.6889945,139967414.9467167,,,7449384549.5317545,35.5542614719072,5.33
2023-08-22,25940325.500362422,0.5142687007104505,372192297.11920565,116705113.46255758,,,7449384549.5317545,31.35613347343921,5.33
2023-08-23,24626994.194583528,0.5373534447664133,388206546.7953127,163680511.21615544,,,7425822757.390523,42.16325370279195,5.33
2023-08-24,27161685.938574947,0.6021143905121057,435730168.3278345,218964671.93671048,,,7441267469.794638,50.25235520804379,5.33
2023-08-25,27098929.791763738,0.5711023871987175,413080433.2040272,144647625.25536728,,,7433791622.352691,35.01681842768947,5.33
2023-08-26,27524769.32932853,0.556113334157244,401277273.9152533,112345477.62923698,,,7444419421.43795,27.99696990888238,5.33
2023-08-27,28411737.315349974,0.5893662868616002,426436581.1717525,136827337.39686504,,,7446076082.647216,32.08621010441789,5.33
2023-08-28,28863904.50293577,0.5825023413630244,421207468.7799902,87973065.97763723,,,7447602947.296752,20.885922614916478,5.33
2023-08-29,28793805.159418102,0.5476703780509636,395988121.0537269,90645145.5470168,,,7448325780.595091,22.890874934785792,5.33
2023-08-30,28959380.15582969,0.5457791309174048,394788658.6671621,110016217.590291,,,7450084587.650587,27.867117044778965,5.33
2023-08-31,28576371.6524953,0.5259025043198902,380546724.1674784,82289114.70800214,,,7443647132.406328,21.623918820488058,5.33
2023-09-01,27691227.288029566,0.4997466240250048,360732528.3799197,74918997.38847977,,,7439043102.077837,20.768572694274987,5.33
2023-09-02,27662044.858259447,0.4881336849804319,386718522.6093032,77010919.06884506,,,7435330749.509755,19.913946337307515,5.33
2023-09-03,28238781.913798388,0.4906357215989601,388663996.0346198,50365146.12604299,,,7436239942.669041,12.958531441012811,5.33
2023-09-04,28491750.395097584,0.4838369643929469,383277082.8469535,55637619.14403982,,,7437437020.662632,14.516291642267715,5.33
2023-09-05,28946741.29597177,0.4830226607781132,382650162.6557688,63031877.33526693,,,7439469293.791385,16.472455387917936,5.33
2023-09-06,29812601.42567449,0.4906711605506668,389035666.1622667,59149413.27048412,,,7430000595.93735,15.204110680642046,5.33
2023-09-07,27737898.430979826,0.4809597797983596,380738318.66064507,64070560.41468051,,,7423700127.95881,16.82797797712268,5.33
2023-09-08,27541364.592524678,0.4848338831509377,383254810.8236146,46948440.19362687,,,7410047946.063318,12.249928472583207,5.33
2023-09-09,27367189.999567658,0.4814104350189599,381096570.8678473,43538627.190489054,,,7362836957.079693,11.424565456293996,5.33
2023-09-10,27322386.29887653,0.480968723093083,380816457.6357813,27291859.658336803,,,7364169998.127839,7.166670218974401,5.33
2023-09-11,27459726.892115477,0.4550238843699315,360345365.5470791,44239351.1993952,,,7365071954.562745,12.276930808373429,5.33
2023-09-12,27321106.35563337,0.4254091157605879,336827101.90591854,57957142.23784809,,,7365900860.608196,17.206793013359267,5.33
2023-09-13,27909691.77987735,0.4276706771769106,338474523.60605663,70255946.12139875,,,7371997038.311171,20.756642294049925,5.33
2023-09-14,28360797.55744985,0.4426831197113479,350138729.1746414,55556828.62227356,,,7365038413.3215475,15.867090382498947,5.33
2023-09-15,28774969.66784732,0.4450334113782755,352887974.15693665,46148660.13040333,,,7365967175.734219,13.077424993201966,5.33
2023-09-16,30711726.28946935,0.4461968266211792,352848818.186304,45341288.53181431,,,7373593651.375833,12.850061044521944,5.33
2023-09-17,31026223.462825164,0.4651812298877181,368045349.3792115,54982966.72582498,,,7374619243.454209,14.939182581322033,5.33
2023-09-18,30450665.890414085,0.4354177552704809,343740472.5981625,38989007.99675862,,,7375770113.019212,11.342571243374453,5.33
2023-09-19,31572936.084367007,0.4486850637467997,355525937.76898134,47604013.45526143,,,7376403670.706053,13.38974415031126,5.33
2023-09-20,32003968.288542453,0.4544107806131845,359171807.0542324,48437418.56404647,,,7609552877.357431,13.485863203269949,5.33
2023-09-21,32309178.858519662,0.446489598583719,353741038.6858878,43403421.62194924,,,7609927903.754478,12.269829303150283,5.33
2023-09-22,32392368.997232523,0.4393752414534452,347818624.05914164,43861907.70842615,,,7591021020.22839,12.610569036397559,5.33
2023-09-23,32749902.21404004,0.4450258373369475,352193081.9305704,21178132.162306223,,,7591965644.099969,6.013216399997651,5.33
2023-09-24,32762632.15603994,0.4452892932471117,352138727.31760144,18587179.09595288,,,7592925194.567631,5.278368340097028,5.33
2023-09-25,32763172.75450654,0.4375738170304074,346465393.92830914,39752098.769410685,,,7595133274.024021,11.473613084034655,5.33
2023-09-26,40725356.03568371,0.4421868768093697,350102807.8269574,39976683.88983572,,,7595687644.689333,11.418555634547978,5.33
2023-09-27,48799779.83887899,0.4385363169717466,347200512.49240315,34632147.436404906,,,8091067512.896266,9.974682118927653,5.33
2023-09-28,49867553.88734331,0.4367374353252993,345976684.9522981,44724275.717732936,,,8067973697.290623,12.92696232519233,5.33
2023-09-29,48957724.15190558,0.4461531465113373,353307101.1488046,34504118.826462656,,,8047986154.821714,9.766041699776178,5.33
2023-09-30,50507328.45339341,0.4805878219733292,381147600.2882977,145623194.33233947,,,8039036142.345405,38.206509557502386,5.33
2023-10-01,49987185.84590424,0.4705643386984339,372946516.4973667,51816401.46901568,,,8048973420.02378,13.89378883483459,5.33
2023-10-02,52659769.973485954,0.5039469163835706,433501831.2444677,75705290.89160715,,,8167701614.968892,17.463661150929287,5.33
2023-10-03,53863254.94951132,0.4680463199036715,402872454.1448788,58772209.45760948,,,8171696552.430563,14.588291865810746,5.33
2023-10-04,54575371.73638319,0.4442023559368583,382896372.6567305,111104857.9001316,,,8173541663.758605,29.016952322956048,5.33
2023-10-05,55040451.65698001,0.4421882401928078,380773656.9098616,69332922.79645467,,,8171719318.177078,18.20843473236056,5.33
2023-10-06,55414035.55356933,0.4348256654202357,373852137.779576,60291247.755195946,,,8173939611.257848,16.12703035838832,5.33
2023-10-07,55578520.503619954,0.443317734114601,381331406.8277202,46212397.65962866,,,8170633609.566865,12.118696973865235,5.33
2023-10-08,57276108.17044512,0.4423561450729486,380428206.91353273,45326078.73481345,,,8171551820.109167,11.914489491341945,5.33
2023-10-09,56746994.14640017,0.4383611633523132,377104424.111608,20690572.4165759,,,8173285339.814657,5.486695751533349,5.33
2023-10-10,54692914.63661334,0.4156390694145243,357513372.0355799,40638694.51357957,,,8174297412.682177,11.367041820616205,5.33
2023-10-11,55311996.59807013,0.4155970824892919,357688284.900714,21226326.705979858,,,8175452958.020786,5.934308615075777,5.33
2023-10-12,56618066.03093937,0.4094701032470734,352337295.4721777,31972489.65104892,,,8174894354.855423,9.074398328511217,5.33
2023-10-13,64443510.00510352,0.4070862647599417,350886333.9059739,26673032.761358906,,,8175899407.553958,7.601616302476575,5.33
2023-10-14,64520284.99932894,0.4130630579478153,355146608.0900319,30537973.863879565,,,8176792834.658239,8.598695065148418,5.33
2023-10-15,66413731.20849007,0.4156738261142677,358489979.1718399,21079572.59001336,,,8188179821.829472,5.880100927426203,5.33
2023-10-16,68557992.9501017,0.409929009595657,352826882.46487,31793081.60154425,,,8189262850.498227,9.010957832758052,5.33
2023-10-17,69266603.78302944,0.4116987549200216,354934877.5354362,68734083.79822788,,,8187770603.849599,19.365266179389643,5.33
2023-10-18,73571503.46871571,0.3810072127607548,328228016.3126405,67580854.82468314,,,8188545136.620965,20.589605842882012,5.33
2023-10-19,72482846.73495273,0.3828878381767024,329211135.25439936,45613159.47341261,,,8209216451.653115,13.855290598893271,5.33
2023-10-20,73799757.17494275,0.371148829401612,319248201.34620416,50746489.41285008,,,8206526107.216495,15.89562265311521,5.33
2023-10-21,74059036.81003253,0.383199224535209,329656299.0276338,54329805.064717054,,,8207674975.889126,16.480742283696753,5.33
2023-10-22,73621084.13519989,0.3905136118767935,335877601.15712416,53215527.88608497,,,8228022372.707954,15.843726316596696,5.33
2023-10-23,73444872.30290346,0.4032619952663763,344574518.0534809,79043547.31529512,,,8229693635.068689,22.93946393999654,5.33
2023-10-24,76852097.1837437,0.4190755204635636,360039854.2661041,87995630.77789669,,,8230519867.05257,24.440525051668153,5.33
2023-10-25,80144931.24686012,0.4327499428271398,371534777.3788107,176591410.028667,,,8231343898.328696,47.53025040469289,5.33
2023-10-26,80491917.16056587,0.4356002691221289,374585943.8062015,105229279.95189156,,,8231781939.526925,28.09215927395656,5.33
2023-10-27,85229386.46553966,0.4406121990445164,378770203.4201658,108884098.7058837,,,8234873144.428728,28.7467434668032,5.33
2023-10-28,85420487.16654117,0.4312750603421049,371066025.6092224,79574312.39739901,,,8236232864.62426,21.44478526880831,5.33
2023-10-29,86736422.07938066,0.4649136823932037,399432233.9574821,94613941.766885,,,8236764169.750179,23.687107279618363,5.33
2023-10-30,90876929.78218316,0.4532508660830213,389714251.3136304,53948208.19042528,,,8237749324.372812,13.843016520073157,5.33
2023-10-31,100458971.03248625,0.4635290146544011,398445330.6187981,80957380.08185613,,,8238809233.758709,20.318315678621904,5.33
2023-11-01,96907479.11953136,0.4432814019655837,380870316.6280146,100263582.90306208,,,8239724753.083157,26.324861383457904,5.33
2023-11-02,103895686.62726906,0.4654157207124574,448993274.9555154,79334580.24699977,,,8223453478.48861,17.66943619698089,5.33
2023-11-03,101901458.26275168,0.458319299858006,442839867.0577082,115246145.6196478,,,8222933374.753146,26.02433841048679,5.33
2023-11-04,103566962.21553628,0.4551023317026618,438975346.6302005,90258385.52503346,,,8219534326.926383,20.561151376245395,5.33
2023-11-05,105220134.24242562,0.5050742293082837,488016320.2750122,133963221.7339835,,,8220613620.566315,27.45056182926241,5.33
2023-11-06,107577221.04172708,0.5020974541077436,484424579.0468047,140489357.43098685,,,8221277788.391522,29.001285960226408,5.33
2023-11-07,114571260.32688552,0.5246233940837645,505192326.09646326,130255627.55287148,,,8221542363.599386,25.78337413779322,5.33
2023-11-08,119854030.58838248,0.5246525997296513,506801239.083117,141090047.9155195,,,8218257706.852284,27.83932576226008,5.33
2023-11-09,127770575.88571174,0.5817920428414256,561783450.6296273,196147783.6581815,,,8223711883.440239,34.915194357958725,5.33
2023-11-10,139520162.7444871,0.5572584074107775,537034193.9646119,228530655.61656055,,,8208114515.120657,42.55420943114465,5.33
2023-11-11,140001212.04517233,0.6145587035245919,594845657.0182475,211212114.96428663,,,8209524832.730947,35.507044974156635,5.33
2023-11-12,147174084.13570917,0.594238380344738,573849549.9689369,162093418.73614952,,,8210419757.973932,28.246675238296138,5.33
2023-11-13,151233121.873673,0.619396052471031,598160146.019676,136416494.97038397,,,8214998656.253499,22.806015392054665,5.33
2023-11-14,156663689.33111477,0.6059428573017198,587985146.4283727,228994528.5494376,,,8208831866.309586,38.945631524951,5.33
2023-11-15,153634978.41696635,0.5683165647044237,549491553.4084656,161072193.63496268,,,8218097924.380611,29.31295169795437,5.33
2023-11-16,156764817.91989437,0.6196243585266072,597572668.3114957,142277143.2913218,,,8216388874.5593,23.80917850432163,5.33
2023-11-17,153659968.3973608,0.5659634988479179,546437362.0584713,164740979.62333173,,,8214832447.047858,30.148191002668607,5.33
2023-11-18,149583723.79269525,0.5504691761968415,531717757.2882429,133212381.87211505,,,8224630811.278573,25.053212920986002,5.33
2023-11-19,154237801.66476694,0.5456976636115501,526913936.6993957,88004617.9768992,,,8216377655.410511,16.70189604931741,5.33
2023-11-20,154453257.4956743,0.5647902603655854,545605543.5856338,61002015.38530597,,,8208079605.163599,11.180607694051334,5.33
2023-11-21,159056892.44013178,0.555290200061101,536130989.5363058,76715397.1079905,,,8249325473.2468605,14.309077185473063,5.33
2023-11-22,158698659.64511964,0.5071756835792922,490167075.3091903,116513812.35021466,,,8247761543.517928,23.770224117301115,5.33
2023-11-23,164377305.75641334,0.5565727088282927,537739088.7034568,74324981.91470104,,,8217351399.122042,13.821755471395262,5.33
2023-11-24,162182067.9488191,0.5874802585088997,566920376.1976264,124958700.42026542,,,8221350309.532813,22.041666813666488,5.33
2023-11-25,160452695.08711258,0.6276981952232921,606066269.7423941,130075282.94772196,,,8222297280.056093,21.462221120309156,5.33
2023-11-26,169568800.8479859,0.6556191273534318,632108308.0064962,148945464.25614864,,,8222175716.941662,23.563282173253437,5.33
2023-11-27,169107744.01497844,0.6357355243382639,613546077.8479207,96960476.04670262,,,8181448607.790603,15.803291643033884,5.33
2023-11-28,171224304.6800413,0.5930866080090937,572560841.8078289,90883340.55638996,,,8216549339.775892,15.873132411471047,5.33
2023-11-29,175015190.65530872,0.6175351434278188,596632114.759775,96749175.7709705,,,8224713342.493269,16.215884693019767,5.33
2023-11-30,176030591.24499577,0.6001496420458049,579734037.6060225,77094604.46377303,,,8211777033.080742,13.298271183477626,5.33
2023-12-01,180318342.29531705,0.5965311362153846,576697228.7513635,123117745.51505724,,,8208571251.483004,21.348766627789374,5.33
2023-12-02,182951863.44646376,0.6131850026099036,632834775.3342552,75422761.61934802,,,8205371429.855237,11.91823909795581,5.33
2023-12-03,181811845.21036577,0.6256435788641119,646422338.0023044,64140293.63383985,,,8207759342.474622,9.922351048705744,5.33
2023-12-04,192698985.5814637,0.6169485620195517,636509790.8519579,66425090.489932805,,,8208979803.807799,10.435831694124282,5.33
2023-12-05,193153678.86444265,0.6303448790485854,651749469.6822926,235783171.31864783,,,8210551971.743165,36.17696404625917,5.33
2023-12-06,204725527.52189705,0.6434557971690754,665301495.6052632,173834795.49607798,,,8069821748.846991,26.128724592439166,5.33
2023-12-07,209017518.17734107,0.6213230218376625,642625748.6842821,116058785.24443528,,,8207201720.720989,18.060089481639217,5.33
2023-12-08,202604184.72468185,0.67041743861267,692956412.6074886,143926547.8148118,,,8203763574.752655,20.769927977610926,5.33
2023-12-09,223520303.19101223,0.7070589952250728,730684103.0822824,134104937.00984588,,,8181795385.042067,18.353339896700106,5.33
2023-12-10,223099534.7602657,0.6776664081333098,699681760.7522075,116279661.0060552,,,8184362720.015419,16.618935568800065,5.33
2023-12-11,225197651.7009248,0.691719456390338,714682377.678545,58663767.31264261,,,8186251166.947646,8.208369080429295,5.33
2023-12-12,190164423.6386772,0.627954197612352,648527536.85013,153977147.23077962,,,8186857734.467373,23.74257660339913,5.33
2023-12-13,178674945.56546378,0.6573796793988972,678864064.6097505,128487752.01303431,,,8183077786.374566,18.926874865131705,5.33
2023-12-14,186239540.24232465,0.6538465420780918,675840529.6513036,102413422.12750596,,,8170957866.737705,15.153489267704265,5.33
2023-12-15,192151877.98576012,0.6549798068014051,676400857.6660798,91096355.341602,,,8143812163.8792515,13.467806007214397,5.33
2023-12-16,189849693.18447217,0.6177220616498346,638594638.4533852,83006838.12730904,,,8181515235.094838,12.998361265347233,5.33
2023-12-17,193202362.09073237,0.6298836486887601,651284448.6499735,89839250.12070325,,,8182388277.652515,13.79416479342139,5.33
2023-12-18,196462329.04302543,0.611378664930761,631412967.7648544,59044322.78755692,,,8181090177.315092,9.351141931178345,5.33
2023-12-19,210015243.2968631,0.6089535532826952,629050502.570961,80191779.72880389,,,8181358699.576116,12.74806703135218,5.33
2023-12-20,218281109.9770507,0.6786394488439558,702257479.7926576,299948964.08513546,,,8183900762.216593,42.712106701048704,5.33
2023-12-21,230013895.1015126,0.6856735214541039,708280701.5013413,330944711.79414725,,,8186100316.797464,46.725078220067886,5.33
2023-12-22,235773515.420319,0.6873805019140647,710438851.9217864,163579431.5794902,,,8185153229.412951,23.025124701020573,5.33
2023-12-23,238661887.4852512,0.6967250984713491,720389653.1422144,154588162.09233007,,,8184905223.279433,21.458964800236007,5.33
2023-12-24,242579602.3488544,0.7497066649002415,774852781.0069133,263899392.76930928,,,8186173552.203279,34.05800420905436,5.33
2023-12-25,237808125.13100612,0.716563812683772,740939977.8475971,165064427.99903947,,,8187790941.725356,22.277705743256753,5.33
2023-12-26,248952042.9780855,0.8149005524592406,842083371.1638846,126677682.55739067,,,8188927212.314784,15.043365882205137,5.33
2023-12-27,223014660.0643117,0.8873017630543008,916678174.0824728,417498232.7855869,,,8190580758.775915,45.54469001113415,5.33
2023-12-28,217414846.31745616,0.8311030569975502,857816244.2045486,242307187.48133588,,,8191726391.732503,28.246980529731854,5.33
2023-12-29,219898571.4505826,0.7982179171122273,827299861.0596066,202185128.51662177,,,8193232970.267202,24.439159007915563,5.33
2023-12-30,223285806.46555284,0.8043423115016276,829378971.636483,185055334.49020123,,,8193394295.732082,22.31251825990484,5.33
2023-12-31,227525757.92531008,0.8106643384642863,838907178.7176799,117008748.52843916,,4.581307856541579,8191327439.078068,13.94775864324991,5.33
2024-01-01,226590103.8116689,0.7770881976570376,803684630.8951927,119086128.96558158,,4.579618440229469,8194349210.951431,14.81751975683997,5.33
2024-01-02,234653555.78864777,0.8431751914565428,925877990.9375386,129127961.41883372,,4.578988859055901,8195475880.648966,13.946541842741016,5.33
2024-01-03,249677255.1850733,0.9048458086378502,997263700.8172288,249345707.47492737,,4.57745429041635,8198213212.707415,25.002986398742454,5.33
2024-01-04,241774737.5023456,0.8424850528974303,927695386.8396198,281415318.9806348,,4.574978712787366,8202628862.198629,30.334883947125412,5.33
2024-01-05,242712400.74951288,0.8549785445067141,940805926.0600848,208668255.3384649,,4.57248216619092,8207138133.775293,22.17973437011899,5.33
2024-01-06,279405910.48391855,0.8937038438485799,982800082.182922,246977905.589312,,4.573082736663647,8208662354.430891,25.130024922336506,5.33
2024-01-07,279052567.2346078,0.8322231658182947,915555648.3509448,264618583.18911663,,4.573472899944326,8207964855.588261,28.90251222476045,5.33
2024-01-08,274430927.1586221,0.7989934039206413,878477114.3596135,142027162.67650092,,4.572639944891223,8209457240.5791445,16.167428878330533,5.33
2024-01-09,286232106.77493274,0.8622677335927226,951180509.7934964,231074645.697598,,4.571496018633716,8211517046.673411,24.293458845972875,5.33
2024-01-10,289510223.13287246,0.79796432269631,878037753.904705,171981283.6907207,,4.566265988989986,8220927706.443434,19.587003283845824,5.33
2024-01-11,296772050.5903437,0.8410402110018814,927760262.552719,205915476.21602792,,4.564417920694237,8224250745.229922,22.194901476967168,5.33
2024-01-12,332576150.4520304,1.0874802387441889,1198910488.2582693,661773018.4993193,,4.5638382664020805,8225295309.46861,55.19786714525431,5.33
2024-01-13,359405732.3221744,1.172495265999783,1289352080.3352551,737848166.2748682,,4.564496176787274,8224117969.240416,57.22627492740495,5.33
2024-01-14,394892717.1247037,1.2930700485155642,1422645884.757689,636748280.5733294,,4.563831137237105,8225319095.790234,44.7580306101109,5.33
2024-01-15,418644032.7142682,1.2610946008095458,1391387456.8656003,378691980.4000753,,4.563640285340069,8226636564.791285,27.216860302389133,5.33
2024-01-16,414422339.3903056,1.3762227058000902,1516495539.908069,544909622.8543391,,4.554526529524386,8243098332.298807,35.932161256957734,5.33
2024-01-17,409639667.6546852,1.2769436905507656,1406598534.293145,312141579.2636199,,4.555432083931494,8241459722.8572645,22.19123450320384,5.33
2024-01-18,425759730.7665594,1.2879206293952294,1418351959.846527,325897056.6844926,,4.559108619796323,8234813681.980313,22.97716405452398,5.33
2024-01-19,408350707.9552792,1.1560251455839792,1273971442.6316593,359069103.6213431,,4.559108619796323,8234813681.980313,28.185019821135814,5.33
2024-01-20,415852701.6007023,1.1635770142006945,1280453754.1756094,321916223.4562186,,4.559108619796323,8234813681.980313,25.14079266091706,5.33
2024-01-21,419126375.950242,1.098169613799573,1211377405.4989798,215022638.1432667,,4.559108619796323,8234813681.980313,17.750259924544036,5.33
2024-01-22,415671810.8983283,1.0673267413929597,1175343410.3432884,153595751.07535905,,4.559108619796323,8234813681.980313,13.0681594607739,5.33
2024-01-23,419601741.1757408,1.0683683771169274,1172839341.372186,316965065.23701125,5279804.0,4.559108619796323,8234813681.980313,27.02544620187893,5.33
2024-01-24,443950555.9246717,1.1861401407065568,1304107977.9253182,619944192.9021227,5335151.0,4.559108619796323,8234813681.980313,47.53779620981851,5.33
2024-01-25,461491525.79498166,1.2938576703703328,1424551365.9981558,477949215.65924406,5421588.0,4.544121258375269,8261973636.979156,33.550858682049295,5.33
2024-01-26,461185202.99354047,1.1758141610729804,1296695034.65796,318770823.70497525,5403282.0,4.546002434372127,8258554759.24714,24.583330327092686,5.33
2024-01-27,531192366.43666327,1.4458077112345908,1591101166.904033,485789625.3024117,5491112.0,4.543055112254229,8263912524.121738,30.531661682309107,5.33
2024-01-28,525583919.7654224,1.3913256066885886,1528055953.826477,321945478.2405426,5608338.0,4.541112713192968,8267447300.055081,21.06895872722093,5.33
2024-01-29,526866599.12207645,1.3334420880344602,1470095672.274434,204560937.45784947,5692632.0,4.540132428544105,8269232369.49988,13.91480441142762,5.33
2024-01-30,566198944.8763634,1.5668514193740768,1726864688.0787394,519737474.5220292,5634924.0,4.538675639400137,8271886564.005491,30.097174266750127,5.33
2024-01-31,581557559.5019892,1.5471565275307306,1700326345.5438428,446594551.9362584,5630032.0,4.537867464047701,8270805484.482199,26.26522567898087,5.33
2024-02-01,575565650.9762787,1.5206393758033865,1677759331.694945,505400747.49881935,5658390.0,3.5944248867209616,8273621445.302054,30.12355454987943,5.33
2024-02-02,599179915.0464004,1.5286942082354626,1782801659.3016305,420164847.7277981,5926352.0,3.5944248867209616,8273621445.302054,23.56767201419296,5.33
2024-02-03,635728925.7110128,1.463400376074718,1707646463.8794975,280694539.84411794,5959881.0,3.5944248867209616,8273621445.302054,16.43750892128018,5.33
2024-02-04,637470473.2363267,1.4331934716411878,1671043559.3901193,246336866.9469936,5979338.0,3.5944248867209616,8273621445.302054,14.741498841412556,5.33
2024-02-05,637470120.8851146,1.4677696111191307,1711427807.782055,278024003.4476677,6007422.0,3.5944248867209616,8273621445.302054,16.245149353274574,5.33
2024-02-06,663777332.8067944,1.571918226221597,1832285457.060572,387575486.8566836,6007537.0,3.5944248867209616,8273621445.302054,21.152571252650134,5.33
2024-02-07,657982569.8905452,1.5195159920428227,1771169693.534981,298052024.75157666,6021520.0,3.5944248867209616,8273621445.302054,16.827976779385313,5.33
2024-02-08,675708742.1552724,1.548178003296368,1803443916.2502692,375883215.803247,6048608.0,3.5944248867209616,8273621445.302054,20.84252315341114,5.33
2024-02-09,652542836.658751,1.530725021188168,1786065119.9911914,239708146.3285961,6108524.0,3.5944248867209616,8273621445.302054,13.421019404364062,5.33
2024-02-10,695917769.0532991,1.7647411510488478,2074610085.1435435,327772531.0548216,6189838.0,3.5944248867209616,8273621445.302054,15.799235403415231,5.33
2024-02-11,720995071.7552618,1.732739066306808,2019902546.8692944,281110788.9869128,7204520.0,3.5944248867209616,8273621445.302054,13.917047108169381,5.33
2024-02-12,707431143.8950258,1.6955692318507265,1974568215.131106,221812373.81639063,8456205.0,3.5944248867209616,8273621445.302054,11.2334621876643,5.33
2024-02-13,735569781.1666405,1.7664444577295513,2057270945.899579,385491720.34412014,8697952.0,3.5944248867209616,8273621445.302054,18.738014120719374,5.33
2024-02-14,734914672.6807442,1.8640609676923576,2178010411.1436024,398364128.0318611,8677898.0,3.5944248867209616,8273621445.302054,18.290276575064354,5.33
2024-02-15,776526056.2877784,1.9085489540232732,2224979440.047605,333571760.05186105,320310501.0,3.5944248867209616,8273621445.302054,14.992127749491654,5.33
2024-02-16,759878520.2290226,1.869951982389308,2181058016.3854194,306921492.0135059,314681999.0,3.5944248867209616,8273621445.302054,14.072137912321775,5.33
2024-02-17,747742057.2400802,1.8119350984853235,2114063007.168551,243646910.4261153,312544847.0,3.5944248867209616,8273621445.302054,11.525054343221367,5.33
2024-02-18,760415726.9715649,1.7660638879747528,2061659298.3880863,182491866.25096488,309185165.0,3.5944248867209616,8273621445.302054,8.851698551436051,5.33
2024-02-19,754652243.1132816,1.798230879813974,2096521398.7357929,215194186.2094941,308247918.0,3.5944248867209616,8273621445.302054,10.264344849485282,5.33
2024-02-20,786869379.4293313,1.773659559332783,2065537608.7455945,228690036.72135505,314113580.0,3.5944248867209616,8273621445.302054,11.07169560859456,5.33
2024-02-21,767374303.3921648,1.720898463225897,2007837164.4470189,344840931.8578116,310698016.0,3.5944248867209616,8273621445.302054,17.17474593876166,5.33
2024-02-22,741759597.9664538,1.69184646000208,1971954321.0969007,198297394.12021425,291061100.0,3.5918003165094206,8289022843.801113,10.055881720927045,5.33
2024-02-23,741036117.4418011,1.725574390722453,2011224666.566148,483343879.2150197,295551682.0,3.5925777131433225,8284796722.315264,24.032316590480857,5.33
2024-02-24,710931971.9418119,1.606930369397627,1874089272.377602,413928931.8261656,297870762.0,3.5934364955981715,8282525427.27398,22.086937795712693,5.33
2024-02-25,727843791.6787126,1.6351086232780443,1906418718.8322363,251999390.4673999,296955149.0,3.592196155833964,8282808208.7418995,13.21847021213474,5.33
2024-02-26,731638501.3245484,1.6476601079614743,1922033060.8472612,165298588.29578567,291500541.0,3.5919294528187073,8285241390.495252,8.600194849037589,5.33
2024-02-27,723871651.3308351,1.6700151124635565,1947753361.8278797,294581957.6683126,291426359.0,3.5934867103008825,8283058056.929488,15.124191976332188,5.33
2024-02-28,714969554.7100853,1.6109058730438424,1877364965.285184,348310319.6551076,293201557.0,3.5940491093229223,8284944864.366197,18.5531490198123,5.33
2024-02-29,693680895.4854597,1.594805652854671,1860857787.5800288,504500488.17187816,292356812.0,3.5780543987366777,8284875541.359752,27.111179131424162,5.33
2024-03-01,710070263.5379481,1.6817958762135767,1966786243.663391,287588178.0829778,292746584.0,3.595690659563302,8283679579.637308,14.622238639787716,5.33
2024-03-02,746942368.7828923,1.6913887236347058,2081341570.264877,295838316.68726444,302053902.0,3.592395900103978,8285276640.258345,14.213828278537447,5.33
2024-03-03,734902922.9354811,1.6225576572517066,1997340525.8766649,320809797.1906505,299262900.0,3.5912649382439863,8290597086.684053,16.061847893955985,5.33
2024-03-04,718902412.1493363,1.559801723595452,1917973813.6736925,276333954.0893528,295845267.0,3.590723342183652,8291947978.613573,14.40759785766115,5.33
2024-03-05,694086912.939947,1.4897437173392143,1834320010.9981644,353565437.4312057,286944285.0,3.5935137580040544,8292394466.046699,19.275013918580616,5.33
2024-03-06,668685666.8494227,1.404927121858575,1729399138.7314796,673095014.64588,284057934.0,3.5979894976082534,8285321243.506708,38.92074418052489,5.33
2024-03-07,684344359.7371328,1.476804035619102,1817207829.744476,426171237.5973964,282392062.0,3.594394326801962,8287477989.658193,23.451981145014205,5.33
2024-03-08,685999990.8248684,1.584017908540957,1960048259.800579,391538757.8550761,279658754.0,3.594280897074701,8288331138.171991,19.975975382101684,5.33
2024-03-09,665010313.7674046,1.55051639157794,1908124535.0254595,321442710.2110264,283442633.0,3.589924699696757,8292607083.77517,16.84600267491123,5.33
2024-03-10,681457103.7993938,1.5875371581563869,1953222231.2567887,301639056.4146762,283080262.0,3.5890606827256684,8293199436.936356,15.443150891262814,5.33
2024-03-11,669717981.658621,1.554556319884634,1912652433.562765,271203939.925266,277870071.0,3.5871879665337567,8300985087.714846,14.17946800820915,5.33
2024-03-12,688175172.7616085,1.5746993995387433,1940078653.3650184,316963527.2583279,274001095.0,3.5898370890470614,8299354771.855567,16.337663769897294,5.33
2024-03-13,712171122.1052092,1.596218261448658,1962073959.570465,428249986.6700434,280002061.0,3.5887418996270273,8301105948.7749195,21.826393678034208,5.33
2024-03-14,715647533.2218565,1.6186720284145262,1991909495.459008,333360973.2655454,275240447.0,3.588422557904846,8298461868.272469,16.735748989877024,5.33
2024-03-15,681848025.7269188,1.5708364199865803,1932604266.92856,396495987.6703767,267801409.0,3.5940345113395735,8292032399.800222,20.516149863444003,5.33
2024-03-16,671178516.526183,1.488027904909391,1835682793.4383075,493282108.5895085,262962411.0,3.597405480364114,8288960476.097474,26.871859906992494,5.33
2024-03-17,672840915.9132409,1.6168069632931732,1989387679.628871,876048637.6304234,264256999.0,3.5959672654267494,8289927315.486206,44.03609445263349,5.33
2024-03-18,707013330.7821777,1.600161993365688,1958627083.8624933,469990440.04353887,263066658.0,3.621584790128333,8229033494.610823,23.995912438660778,5.33
2024-03-19,684552903.8440717,1.5265868515671095,1879674741.489927,651273929.197668,262899369.0,3.625233062514167,8229252710.590205,34.64822476049419,5.33
2024-03-20,720939383.2543157,1.6511216455467663,2034270655.3067527,838131352.2034755,289951051.0,3.5968794940477076,8286696883.683858,41.200582135767554,5.33
2024-03-21,773855586.2076672,1.7477108426914612,2150443654.9900866,689105420.7427458,301461209.0,3.5991428293129837,8285881001.307372,32.0448024361709,5.33
2024-03-22,773213307.8655151,1.824509514397757,2246016736.01448,717426247.7061692,327419386.0,3.597105399001918,8282087655.710039,31.942159477370165,5.33
2024-03-23,772910203.6412281,1.714994452174179,2107388396.0161836,455573431.8715484,331782379.0,3.5987670121620354,8276401476.667806,21.617914985807385,5.33
2024-03-24,764043698.7132857,1.6481915961821176,2030797545.6896195,239778341.86647385,331730512.0,3.5972963432665943,8277135132.455226,11.807102208460163,5.33
2024-03-25,806095255.1983165,1.6818611486818882,2072621356.1866152,211825498.5108176,329748593.0,3.5970410179492776,8278385865.033894,10.220173495681436,5.33
2024-03-26,828537891.0462848,1.7048100801882882,2096163244.7091932,277991795.538281,332113701.0,3.6192760327478193,8235195594.716507,13.261934452860213,5.33
2024-03-27,893429366.6263705,1.8875428230861275,2316695259.569459,462218445.8444587,342971410.0,3.600817143458475,8288945696.287469,19.951629111994585,5.33
2024-03-28,957463976.7623484,2.090918349686312,2566547700.649801,1026464950.1779692,357424349.0,3.5976207974515892,8288351006.046739,39.993994653521845,5.33
2024-03-29,954880081.2843728,2.023449756510733,2489364381.1304364,487986251.3647145,375272558.0,3.6212414249120792,8261724787.74194,19.602845411611327,5.33
2024-03-30,934493335.6660676,1.909310494579028,2351431099.597385,477287686.3710393,366084335.0,3.6061348845216252,8288631826.749917,20.297753417174803,5.33
2024-03-31,929029899.5905226,1.881978647043925,2312559002.598918,232827202.50705364,364028298.0,3.590126209403629,8291550842.013093,10.06794647165309,5.33
2024-04-01,944304693.7054232,1.9144998437891068,2351239534.320778,272606401.6085821,361222599.0,3.5980193387814565,8288063066.552208,11.594156938473397,5.33
2024-04-02,958424965.4417176,1.941135998579545,2516387528.943085,652835925.6813638,360499873.0,3.5999818797117618,8284781886.375798,25.943377884866692,5.33
2024-04-03,920263888.6983552,1.734495782692862,2250778904.3761377,517739675.588129,357203287.0,3.593356767897588,8293212208.597474,23.002689183797646,5.33
2024-04-04,887903027.9932754,1.672238227007739,2169033606.092396,329896607.4427915,353370805.0,3.590832245284049,8294841280.291014,15.209382026916307,5.33
2024-04-05,888306050.4207418,1.6827089375088369,2178119676.894453,234585123.1497349,348482621.0,3.5913420474889026,8295979329.717229,10.770075016456609,5.33
2024-04-06,871583966.194613,1.6129233966432004,2091578232.2283008,245883220.31093693,346365167.0,3.595643944772299,8281722509.307599,11.755870113879546,5.33
2024-04-07,888883984.703549,1.6260148160227106,2109704814.3033547,133900124.91702469,347031943.0,3.6205797808654654,8284783639.328051,6.346865400752276,5.33
2024-04-08,891970599.9401511,1.63986315119251,2125161137.943744,171250397.94859144,344816867.0,3.5967229412929553,8288875474.310692,8.05823120378953,5.33
2024-04-09,928404433.1794314,1.711804984340476,2218776830.263465,212388954.1492583,345814886.0,3.5960072994321073,8291905372.838678,9.572344151621527,5.33
2024-04-10,920206486.2935296,1.5778194781661925,2051277241.5726123,242159120.0227506,349913945.0,3.592811862019807,8296981438.537307,11.805284781354041,5.33
2024-04-11,905505840.1687236,1.5192119208962822,1969237190.655728,290529122.9880146,346550090.0,3.590117099517334,8299540302.336408,14.753383917722603,5.33
2024-04-12,906019272.7534076,1.4903385521447636,1931685533.5469697,221833691.9029494,344970482.0,3.5934024948066536,8289736687.5561075,11.483944361048113,5.33
2024-04-13,797366320.1555966,1.243465067516236,1610957511.1094377,447344949.870144,332677149.0,3.597154214386775,8294849511.093639,27.76888569594027,5.33
2024-04-14,723753512.1157318,1.0700425330096628,1388542531.4851274,526672232.5190252,326014138.0,3.5992784349987974,8298403782.594867,37.92985958850814,5.33
2024-04-15,776111863.3381501,1.1975679662792138,1553138021.239669,359741502.0053086,322897672.0,3.5957629300057428,8308535098.22925,23.1622365228155,5.33
2024-04-16,775142515.9015993,1.1718189376587662,1514581675.2346177,359251739.51665366,322647839.0,3.590843943714665,8303236218.452588,23.71953559130467,5.33
2024-04-17,805930433.9770745,1.2254515897991909,1590823143.3900394,311456053.2015484,320538317.0,3.5882562031056047,8306455574.476561,19.578295330669913,5.33
2024-04-18,837233520.2375253,1.2570644602092185,1629545156.1070805,388052883.84904414,324745630.0,3.5904237256832756,8307307522.52299,23.813570455211398,5.33
2024-04-19,825051639.7375319,1.2513734325310577,1624032733.921128,270663739.4468088,325673877.0,3.598134186300592,8294669858.829974,16.66615049028647,5.33
2024-04-20,877743090.0619751,1.3387442694209748,1735116947.9900107,351659563.9861858,327329940.0,3.593319221776482,8299442653.0863,20.267196651704328,5.33
2024-04-21,907319927.160918,1.429473534115494,1852584916.483604,197310260.5147175,328926415.0,3.589703038978096,8302387660.724267,10.65053800012755,5.33
2024-04-22,908861684.1644489,1.3696310165689982,1774581587.5437603,166512485.79530263,336537334.0,3.59167876612173,8304755333.877452,9.38319697240725,5.33
2024-04-23,913872577.209882,1.3917787558479982,1803810796.9703948,211549655.7500809,340554346.0,3.588360326213053,8310255877.961738,11.727929342999325,5.33
2024-04-24,890140978.9826089,1.3228602112375656,1715424502.3939502,173104137.4235342,341506579.0,3.5889822326050416,8312125697.738053,10.091037943200636,5.33
2024-04-25,870550306.9364703,1.2511040300373582,1619758954.389453,227961343.9162804,341589655.0,3.588615549849298,8312125972.417903,14.073781984567416,5.33
2024-04-26,855118951.3552324,1.224290654638195,1587004528.956051,193791742.95111048,342324584.0,3.585854289001728,8315139888.932736,12.211165085873372,5.33
2024-04-27,838753391.500058,1.17393967092842,1520420625.1260638,130036703.77538554,341483321.0,3.2300325656161784,8315061080.53098,8.552679543176001,5.33
2024-04-28,853815617.8683647,1.2145335509922874,1574035413.8337786,179521290.1102613,343850987.0,3.2308313961574915,8315617554.159588,11.405162077834872,5.33
2024-04-29,881967936.0474949,1.2164749345410997,1575629818.2712214,131235704.28169867,345663463.0,3.2552947320395105,8250473784.485526,8.329094991721488,5.33
2024-04-30,873520095.2112427,1.1918768297252829,1544874882.1744046,156994779.3511346,350071156.0,3.2548548463989593,8251875265.519492,10.162297359004576,5.33
2024-05-01,873841798.1172838,1.1420377330665363,1483257142.1037917,248824153.47213545,354554025.0,3.2674764375343566,8228704896.096988,16.775523704488176,5.33
2024-05-02,882440721.8017857,1.1478890616706523,2686467163.541467,224997649.5986247,355027102.0,3.277913133564299,8199747207.817169,8.375224259284037,5.33
2024-05-03,901524961.4531264,1.122784332840483,2627196454.8420534,144928310.50363082,362220881.0,3.4262878633874263,8170886389.913641,5.516462624503042,5.33
2024-05-04,902786001.4480206,1.1124223733845835,2600618715.6534743,233507695.43012324,367798850.0,3.3771995455412687,8190205998.29581,8.978928515149452,5.33
2024-05-05,912247640.0621732,1.0898982971613758,2550683217.9013925,232745208.98463157,368616190.0,3.400651210876809,8199652046.139145,9.124818297747131,5.33
2024-05-06,923167884.1134738,1.0938381037534812,2558783413.2442493,182532614.1586019,368030683.0,3.3900530528374655,8185621213.0772915,7.133570321497867,5.33
2024-05-07,939143479.7409644,1.094029525743886,2561185591.044871,271378254.6756588,368424108.0,3.343011796854719,8186592738.105004,10.59580592771281,5.33
2024-05-08,962929684.3229692,1.0810048988721226,2533596488.062794,253217313.23384443,369670503.0,3.310599613756249,8207584701.319198,9.994382074134315,5.33
2024-05-09,945311286.1325636,1.0133232028091306,2373836604.481945,180244197.92187905,379854038.0,3.3109324105476317,8176273624.393875,7.592948797805513,5.33
2024-05-10,960487133.8383708,1.025919471644041,2400654753.741153,188624573.50426108,381207108.0,3.3000203661685497,8178125137.502182,7.857213670991663,5.33
2024-05-11,967877530.8508618,1.0081582258316364,2359666593.836694,256948682.80571815,385991691.0,3.292022314877415,8185477307.996879,10.889194408941185,5.33
2024-05-12,967004284.5419056,0.9920339895004552,2321041027.3726344,105714861.28579816,386493092.0,3.297527525844205,8187097464.806473,4.554631307205499,5.33
2024-05-13,982760233.6387413,1.0032434684651954,2346594710.8244195,88459174.71025571,385764260.0,3.3104921162723797,8184875416.141473,3.7696826939142682,5.33
2024-05-14,978065110.468352,0.9670536460186966,2262278009.1728687,172449455.50674355,386167240.0,3.3197886930446208,8172584859.741167,7.6228233138240284,5.33
2024-05-15,950095621.467528,0.8948903679276955,2093525018.296274,159226205.97313333,387074902.0,3.3140245710515046,8177706281.564085,7.605650975344578,5.33
2024-05-16,1009025526.4349602,0.9912787921514816,2323328241.6188107,222455548.0422388,389631698.0,3.3203652802459085,8178979197.900664,9.574865232440848,5.33
2024-05-17,1029983232.1299489,1.026599214539509,2404094088.9338107,249551364.69130555,393734916.0,3.3169062665868103,8180690599.485454,10.38026614016504,5.33
2024-05-18,1070393774.1089149,1.0782973779410288,2520785647.177245,196231088.30022624,398252525.0,3.326279614292426,8173704665.8032,7.784521009153007,5.33
2024-05-19,1083553047.0695975,1.080815797929347,2528716668.5918345,144278012.17143446,405856420.0,3.3402297749720367,8171053381.326755,5.705582359757944,5.33
2024-05-20,1066332064.89814,1.028560861171434,2400560761.453885,106963283.41244632,407051091.0,3.3402644017205523,8166821967.829477,4.455762383938353,5.33
2024-05-21,1127438688.8914983,1.145093345260865,2677279829.5222616,242319543.27340916,414847162.0,3.347271164176961,8163113083.622626,9.050960628073348,5.33
2024-05-22,1139439798.65255,1.1387483404588272,2663864772.901665,208058832.27411252,425566007.0,3.337668342024786,8161857106.238969,7.810412690261319,5.33
2024-05-23,1143401675.699453,1.1058049766576508,2588502642.353045,187858991.94231817,424795495.0,3.3395792577693912,8165004277.534285,7.257438677812103,5.33
2024-05-24,1123740230.3629458,1.0736274135108317,2515814989.7433577,257529398.0263102,422228692.0,3.3416009694883555,8156933937.260416,10.236420367802213,5.33
2024-05-25,1118427835.042972,1.0690599156348637,2501364703.880562,142064969.7003018,420433571.0,3.334744255817586,8157262205.600497,5.679498454579828,5.33
2024-05-26,1121215068.3697164,1.0621567353928083,2482230273.10292,82771473.03107554,419774577.0,3.3277697492359817,8158552867.869539,3.33456061381472,5.33
2024-05-27,1120017697.8493822,1.0417655772297705,2438427199.047792,110201708.96034248,420278503.0,3.3256445568854884,8160701203.968612,4.519376629467402,5.33
2024-05-28,1138535896.92348,1.07179392116073,2507473867.0626736,116463535.2316798,423084740.0,3.3249905258936723,8155491723.634545,4.644655992690703,5.33
2024-05-29,1105417955.057412,1.0309795730856708,2413895736.5651865,149990561.9221002,415421674.0,3.3239971791826557,8150702515.067006,6.213630508148078,5.33
2024-05-30,1090898605.6766472,1.0154212927382966,2374043118.259163,106696336.76241662,419469384.0,3.321968580158884,8148971393.778568,4.4942880751321335,5.33
2024-05-31,1077550781.3427956,1.014511623594877,2371942057.1058064,135084088.24865136,413203140.0,3.3219920593583105,8149201874.286238,5.695083817244597,5.33
2024-06-01,1093425354.9226558,1.025604594200431,2400751768.650988,104401106.2006794,417100644.0,3.3194114116625095,8147912998.94606,4.348683923258908,5.33
2024-06-02,1096368792.2178726,1.0247117486374615,2482911418.3356504,76457869.81488472,413880426.0,3.3220683156470976,8148573401.57184,3.079363574965397,5.33
2024-06-03,1085631398.5909483,1.015511780377504,2465932726.8221617,105535846.08790852,410081628.0,3.31996741599653,8152950675.010667,4.279753658321092,5.33
2024-06-04,1097175778.0782695,1.0404436025187334,2524450169.2408137,130471834.77230582,411968690.0,3.3139561927491443,8156236557.614092,5.16832680486393,5.33
2024-06-05,1089362341.5798848,1.054319087715245,2557847821.379259,119596876.21745944,410183901.0,3.3185456723726503,8147039406.588994,4.67568380017892,5.33
2024-06-06,1101370375.006774,1.1048628623727372,2678846363.487545,183027622.14601427,407817773.0,3.3138187910545596,8150060771.334882,6.832329940255838,5.33
2024-06-07,1115117305.8715355,1.11312438280031,2700564111.0985527,181295457.76899332,401924966.0,3.316041298079611,8157062726.0022135,6.7132439857258115,5.33
2024-06-08,1113494579.047413,1.0782422930967563,2618329526.713218,346422545.25595,398121459.0,3.3192993689263144,8161225778.838259,13.230670231596603,5.33
2024-06-09,1101933691.6969287,1.1059153614506974,2683867592.6383195,357704462.00435174,396498852.0,3.3020161055195505,8161882677.0585165,13.327947436211558,5.33
2024-06-10,1072954187.5111108,1.0938208233486495,2650894572.943786,308924598.31737953,395293339.0,3.2976413275962977,8167748379.373266,11.653598052159522,5.33
2024-06-11,1047281485.6443952,1.0346639045192052,2508257152.879472,298911405.71030813,392178766.0,3.298117799378606,8171503424.899095,11.917095715930033,5.33
2024-06-12,101201919.68265323,0.9934121052149502,2410270953.0720925,277579827.4332203,388402018.0,3.2978842050997157,8172780271.566317,11.516540373994946,5.33
2024-06-13,748203855.994251,1.0179085873401514,2466697885.7245803,225620021.9997539,384502852.0,3.2991290521392296,8168103972.404057,9.146641885310537,5.33
2024-06-14,1002893328.9145604,0.9640404425974024,2345574471.907484,170477229.76465797,381090866.0,3.2973396945855833,8165942823.624586,7.268037395803567,5.33
2024-06-15,521261008.8592594,0.9299118734398266,2255447186.6386647,188272607.708196,377575371.0,3.2989668408668558,8159801447.395249,8.347462482097939,5.33
2024-06-16,1012824717.3525108,0.9421634733695516,2288237754.0341635,111029422.28654549,378619940.0,3.2974617110336584,8159706198.896513,4.852180333568948,5.33
2024-06-17,982594019.3007416,0.9683621878329536,2348962423.807407,94011559.27488284,379999490.0,3.3029920047147896,8129994714.636102,4.002258968557724,5.33
2024-06-18,919138842.2016016,0.891808145677611,2163669840.2408404,188554525.6396806,377152616.0,3.3233477329414716,8128860746.129531,8.71457013139733,5.33
2024-06-19,931133853.3750634,0.8003960357870731,1937211758.1897888,266278682.75120413,371459880.0,3.3120907741978685,8168742161.219715,13.745460795676049,5.33
2024-06-20,968388027.858495,0.8641681463010009,2095186218.562389,163677631.09486634,374762581.0,3.2944058908901357,8168667730.902718,7.812080360435631,5.33
2024-06-21,818638319.810994,0.8927184489113379,2167309964.015445,168903081.20420876,372637679.0,3.2944058908901357,8168667730.902718,7.7932129694673,5.33
2024-06-22,967328160.8810084,0.9176559805241554,2224365539.709448,178232960.36346108,369040437.0,3.2944058908901357,8168667730.902718,8.012754971322849,5.33
2024-06-23,953544443.0076925,0.8902963858907366,2159240632.631754,104692774.91069402,368056288.0,3.296472107320368,8161995006.554827,4.848592293443969,5.33
2024-06-24,237555573.62664968,0.8800875137956042,2135354857.929963,133453128.00413416,367315520.0,3.296472107320368,8161995006.554827,6.249693230543663,5.33
2024-06-25,945118304.014795,0.8950638145636103,2174081337.758961,205187363.03449064,362634518.0,3.297008398552577,8160979759.04648,9.437888061998516,5.33
2024-06-26,932638899.5472848,0.8781512338265203,2130331619.7058525,133546797.64521872,361833058.0,3.297008398552577,8160979759.04648,6.268826712700172,5.33
2024-06-27,909454446.4833796,0.8291758198099145,2011092358.859159,120943805.3208379,360485241.0,3.2963867147220847,8160771852.684383,6.013836450029884,5.33
2024-06-28,911869524.3491238,0.8338127335797108,2023268892.5020597,109313721.046626,359957661.0,3.321395691924245,8097358177.291307,5.402827150248133,5.33
2024-06-29,891872335.6904937,0.7893133295919449,1916495077.9457748,111510039.69279538,357538998.0,3.3305444471020107,8063711510.044276,5.8184360072721475,5.33
2024-06-30,888794906.0613611,0.7805002325584974,1895588876.285307,79508603.93474954,355235435.0,3.3290554713948928,8065698897.777151,4.194401271786248,5.33
2024-07-01,897082132.7584746,0.818876843698241,1985548408.71228,91644214.32904182,350424805.0,3.329068977126422,8066171900.560103,4.615561822966448,5.33
2024-07-02,898376143.4041167,0.8074924803010477,2026166097.343187,90811356.0951232,349820891.0,3.32483622267055,8081558249.040728,4.481930490012625,5.33
2024-07-03,870472602.1641966,0.8230749311915491,2065223210.8320355,91685745.95553602,340258016.0,3.3281206280412334,8076170688.630448,4.4395078204935405,5.33
2024-07-04,837195518.3362073,0.775979930453007,1947634937.8442864,133362120.45026216,339048508.0,3.3281206280412334,8076170688.630448,6.8473879708623535,5.33
2024-07-05,789378309.5164227,0.6729526085369129,1685054145.2907553,189246809.9578232,325097460.0,3.3281206280412334,8076170688.630448,11.230903795389242,5.33
2024-07-06,735551966.9374623,0.6433569125192067,1615212992.2352066,274531416.82288235,316286012.0,3.3281206280412334,8076170688.630448,16.9966077627306,5.33
2024-07-07,761270199.9879636,0.6947499258954031,1744544657.2471547,95153707.0467506,312145461.0,3.3281206280412334,8076170688.630448,5.454357769029579,5.33
2024-07-08,729293570.1928217,0.6391187117313452,1602036471.0445452,98017952.07785337,314094323.0,3.3281206280412334,8076170688.630448,6.118334622803225,5.33
2024-07-09,744160453.0897043,0.6732640330388079,1690285435.791466,148647770.27019292,311615683.0,3.3281206280412334,8076170688.630448,8.794240731334794,5.33
2024-07-10,774121142.8223643,0.7407145597750008,1861845113.0435815,136555952.68588856,306461857.0,3.3281206280412334,8076170688.630448,7.334442147159,5.33
2024-07-11,764127120.0313002,0.7365293270224351,1852330899.846728,136429244.57229054,300322105.0,3.333593956673532,8080387950.312497,7.3652739142655035,5.33
2024-07-12,780731531.5559796,0.7567293932325165,1898283882.0235293,177226661.20644417,301818228.0,3.332394563173261,8086857441.145955,9.336151609606693,5.33
2024-07-13,769099705.6794411,0.7483359415218038,1876330772.276836,138954748.4994531,301889041.0,3.3268655232545505,8086998013.86926,7.405663785540237,5.33
2024-07-14,773107704.1449162,0.7578917895897411,1906145223.7077007,81271914.01150507,298452677.0,3.3315239971636497,8087645323.436141,4.263679020920589,5.33
2024-07-15,795054974.4724678,0.8063515579228172,2025899709.3340008,131326097.37182476,299919702.0,3.3319742863507735,8086608617.390089,6.4823592582970075,5.33
2024-07-16,815101733.8870417,0.8482756159341523,2131885350.059184,162048406.03987682,301276099.0,3.3391711194476965,8073197583.157519,7.601178273277132,5.33
2024-07-17,820811442.0481503,0.8688391366982304,2182978189.838642,197730867.51508585,299917221.0,3.3358300830847245,8075679106.229451,9.057848971441231,5.33
2024-07-18,808860347.7888865,0.8414893708359169,2114722116.1856,160730225.45035565,301250052.0,3.3391073899636283,8060783326.400916,7.600536459148141,5.33
2024-07-19,776810886.1885982,0.8105826454503064,2035554941.603057,155824038.81234923,294908528.0,3.340838667628275,8060752243.5728,7.655113385916934,5.33
2024-07-20,794551245.4650587,0.8540672663490978,2145595049.2402573,150860255.89554515,294905824.0,3.340838667628275,8060752243.5728,7.031161632711816,5.33
2024-07-21,794749588.2919627,0.8501681236707788,2135538705.403769,161511116.83961517,297863179.0,3.33350946926097,8062382635.525108,7.563015197567119,5.33
2024-07-22,792910757.556629,0.8594745434610864,2160624674.508233,133392786.39441876,295797063.0,3.33350946926097,8062382635.525108,6.173806490698321,5.33
2024-07-23,781255517.8129296,0.8327665122901423,2092595335.982676,192855947.8908655,294902121.0,3.3342303926118553,8072579812.033971,9.216112861128067,5.33
2024-07-24,767678170.8246666,0.8151957512832327,2047941698.5407145,131342767.4502251,291559122.0,3.3327386541978967,8077728342.373582,6.413403640534053,5.33
2024-07-25,748318312.1438814,0.7705172665496138,1934439711.182602,108695307.08133452,288805441.0,3.334689712179829,8076213716.523958,5.618955527690477,5.33
2024-07-26,727530129.3419498,0.7489739142478327,1881578636.410814,142132545.65773883,283490237.0,2.993359204042047,8077126194.67284,7.5538987798491535,5.33
2024-07-27,745760713.1669406,0.787898158299313,1979605779.8211195,106837275.5386656,282915712.0,3.0034824966212694,8076641518.280083,5.396896524939404,5.33
2024-07-28,741847729.948341,0.7863832733356851,1975558746.428681,103764274.40341198,278874112.0,2.9945983333351562,8077880472.8914,5.25240135688154,5.33
2024-07-29,717207549.1267607,0.7494119080482203,1882987292.6542864,76754210.96557647,19524061.0,3.0041928823923403,8076443552.6706295,4.076193783410116,5.33
2024-07-30,705036190.1442416,0.739955429714561,1861862129.1467156,123537111.04235885,273871909.0,2.9923117163737185,8078466824.775179,6.635137430878163,5.33
2024-07-31,661418848.8586782,0.707984963444864,1778605845.6465151,110459430.87223925,253692756.0,2.995323609040475,8080549257.345468,6.210450232276603,5.33
2024-08-01,662653923.0919124,0.7073463189180131,1770891757.5229406,106595830.59308776,252773437.0,3.0077758296264263,8082181907.441021,6.019330664353544,5.33
2024-08-02,657213587.5266378,0.6959465938359928,1806322906.922297,134781626.61376363,253304069.0,3.0074715418751388,8083074291.1703005,7.461657386796433,5.33
2024-08-03,627556170.2515054,0.6368368387657795,1652896795.6713398,137614972.61903143,250467747.0,3.001716511676153,8080981374.475731,8.325684518199928,5.33
2024-08-04,603821600.7983589,0.6111984840335426,1585374220.5901768,126376712.42028733,250113726.0,3.007634719453454,8078451518.219956,7.971412098100214,5.33
2024-08-05,586261424.6065881,0.5744891779369671,1491909466.3212504,141698757.55374548,247337653.0,3.0330986277232705,8075735041.600355,9.497812082602183,5.33
2024-08-06,533920234.1694869,0.5369272579645537,1392556261.84966,406638174.36511874,240383074.0,3.0071299038872423,8075489035.058055,29.20084347795057,5.33
2024-08-07,592301346.9471438,0.6005973088829539,1560105573.4207304,203227990.51637855,252823548.0,3.008612194196488,8076748829.341766,13.026553713975606,5.33
2024-08-08,604006845.2729939,0.6158400193690813,1598773730.525414,266220742.02925712,258903160.0,3.0056936002989856,8079274410.851081,16.651558437964045,5.33
2024-08-09,698028983.4784505,0.8579542505601074,2214408286.1392465,400424753.8890057,269717908.0,3.011828700115595,8077170299.510043,18.082697594450124,5.33
2024-08-10,762824991.819455,0.8559412438205924,2222186453.8576856,373833957.4388032,294766242.0,3.008034471201815,8077156222.969892,16.82279886054712,5.33
2024-08-11,812661695.2241913,0.9208032638625258,2390473881.589836,379850330.1560891,308720867.0,3.006021571411686,8077598962.714133,15.890168601359555,5.33
2024-08-12,810741457.7189832,0.8753509702750694,2273201146.652834,377464302.7171337,316667736.0,3.0263315211879727,8045367407.869253,16.604967108736925,5.33
2024-08-13,921728809.5516366,1.0146724687562072,2634155512.82412,980762433.6789978,355070958.0,3.019885356300774,8044184322.986777,37.232518312007585,5.33
2024-08-14,927701091.060242,0.9551872585168588,2476358922.662317,449912984.9298057,371372500.0,3.0149611788612143,8047391919.050143,18.16832692597353,5.33
2024-08-15,905615854.2114184,0.9314694763855762,2418174985.050815,383339874.50041735,371936503.0,3.011774981987542,8048971855.575772,15.852445619950117,5.33
2024-08-16,877186040.245451,0.8419446603310986,2184646641.9412546,348549737.1090014,370824903.0,3.0103047529187346,8048174252.293526,15.954513211312,5.33
2024-08-17,872195393.3526144,0.8121953878416065,2109457988.4693208,277918956.37550145,369169044.0,3.0095759281981023,8051472670.071081,13.174898855282105,5.33
2024-08-18,876117869.4007937,0.8286296078457391,2147818156.32132,218560051.0614096,368292745.0,3.010845346439697,8045738401.484498,10.17591039623898,5.33
2024-08-19,882463514.1306638,0.8237211195368199,2140946913.4257743,243201700.3865825,366701924.0,3.0113507356892537,8042480882.340408,11.359539036744742,5.33
2024-08-20,918481521.5967398,0.9070214420325104,2361584471.9372582,330170306.2473324,366653483.0,3.006473747561509,8046903896.639653,13.980880640550902,5.33
2024-08-21,902067332.4379808,0.8718780667166715,2264145392.868491,270938856.05022055,351196198.0,3.003609860938703,8050684780.443766,11.966495477879302,5.33
2024-08-22,895584911.5794809,0.8506085078919695,2206538300.056563,216886753.17981327,350472578.0,3.025937611777468,7988455086.093993,9.829276617326494,5.33
2024-08-23,892207800.6778634,0.8507863771209848,2212011269.9704933,147004465.16156062,345977063.0,3.0304206486046965,7980273973.377136,6.645737621559296,5.33
2024-08-24,984133371.5520278,1.0138647442469284,2630507486.3856425,527120640.659606,351262263.0,3.0295017028035893,7980441242.091245,20.03874322303784,5.33
2024-08-25,985008941.6672138,1.021088691613257,2645187199.838938,379193108.9766575,360015801.0,3.0249059647185192,7987232195.212918,14.335208827554663,5.33
2024-08-26,994549835.4336196,0.996622739833683,2584745813.653729,262604458.3485973,362536221.0,3.0270391148374163,7988516928.171723,10.159778844070802,5.33
2024-08-27,983733774.5239136,0.9288230364423272,2409551410.461781,287090076.58498365,371975435.0,3.0289934173845063,7988571200.007864,11.914669068213156,5.33
2024-08-28,946637612.485771,0.850084879516113,2209340930.652269,354059045.11302555,365612744.0,3.0572682427988696,7925345165.403846,16.025550434558593,5.33
2024-08-29,902077190.2659614,0.812630843476151,2112865741.3140848,349029733.3333892,358899513.0,3.0515726039205586,7957161024.658813,16.51925754242729,5.33
2024-08-30,908096909.3467634,0.8038747973173476,2087653830.1116529,200685895.2906761,359869269.0,3.036951732474404,7959301118.611578,9.6129871914609,5.33
2024-08-31,924575496.0314348,0.832698371160662,2164560261.522931,230173692.3989977,360058911.0,3.0367721083710744,7960175780.513289,10.63373917051647,5.33
2024-09-01,912802798.6439692,0.7973909055960918,2068498210.383737,103273508.60662784,360300261.0,3.0370264555401603,7961651378.553255,4.992680587694058,5.33
2024-09-02,897134747.9695761,0.7634092761110737,2046857435.1864312,147437761.64381438,360716708.0,3.039339913084178,7960708528.244592,7.203128029792925,5.33
2024-09-03,905314804.5795004,0.7853426399666246,2106016102.342137,216630811.5566775,359636581.0,3.0508558922276507,7933327412.1383505,10.286284673500766,5.33
2024-09-04,910319909.9421456,0.7867496125513386,2116141665.0416129,288810042.61851984,362087582.0,3.060276199461437,7954100414.91656,13.647954075552901,5.33
2024-09-05,920896035.76127,0.809679925120235,2167418296.423476,321871855.9007844,362382608.0,3.0481627579440835,7954008991.015368,14.850472399901534,5.33
2024-09-06,921126521.8203092,0.7973588403008924,2137444067.8170292,243436923.26635668,365017000.0,3.0484462545410027,7955266499.694613,11.389159928520549,5.33
2024-09-07,932009936.7017956,0.8360236142317813,2241754932.485148,413550671.1413717,367110396.0,3.0480154860630897,7955181864.024672,18.44763069988747,5.33
2024-09-08,969358693.2465818,0.890469479614725,2383222467.860171,314835116.4438326,367383978.0,3.050095725245084,7951831473.18772,13.21047953725085,5.33
2024-09-09,1002460265.2265542,0.9359090586255177,2514007462.958575,453666116.7246734,371967458.0,3.0490024545840133,7954675093.111749,18.045535799276536,5.33
2024-09-10,1018603096.9157273,0.9534666569338248,2559610830.544586,484201582.90017134,374961239.0,3.0393694546503416,7954780408.01849,18.917000081498795,5.33
2024-09-11,1014918708.681971,0.9186918245867802,2459889854.1286736,343309214.5189487,385276322.0,3.0480918843217375,7952027679.530659,13.956284015836696,5.33
2024-09-12,1012828961.9143976,0.9321412453831902,2499770251.8160057,311747127.07401526,386386880.0,3.049925055625557,7946106031.31908,12.471031161665382,5.33
2024-09-13,1061826269.539058,1.041028943362713,2789234133.96826,740313314.3652396,358829534.0,3.074606696102946,7882192804.636458,26.541813229282102,5.33
