Timestamp,Date,USDT,USDC,STBL,EURS,EURE,EURD,Total
1652313600,2022-05-12,158999962,218931144,,,,,377931106
1652400000,2022-05-13,158999962,218931144,,,,,377931106
1652486400,2022-05-14,158999962,241714496,,,,,400714458
1652572800,2022-05-15,158832338,239190553,,,,,398022891
1652659200,2022-05-16,158859789,239208864,,,,,398068653
1652745600,2022-05-17,158859789,250383284,,,,,409243073
1652832000,2022-05-18,158834341,252621201,,,,,411455542
1652918400,2022-05-19,158844829,241555352,,,,,400400181
1653004800,2022-05-20,158901094,245937935,,,,,404839029
1653091200,2022-05-21,158901094,266764008,,,,,425665102
1653177600,2022-05-22,158825313,266531830,,,,,425357143
1653264000,2022-05-23,158856862,266552870,,,,,425409732
1653350400,2022-05-24,158840962,271821595,,,,,430662557
1653436800,2022-05-25,158840962,269509864,,,,,428350826
1653523200,2022-05-26,158838811,269263914,,,,,428102725
1653609600,2022-05-27,158849982,260009622,,,,,418859604
1653696000,2022-05-28,158859831,259180042,,,,,418039873
1653782400,2022-05-29,158869358,258751400,,,,,417620758
1653868800,2022-05-30,158938927,258818353,,,,,417757280
1653955200,2022-05-31,158915037,255723259,,,,,414638296
1654041600,2022-06-01,158915037,257803097,,,,,416718134
1654128000,2022-06-02,158904562,255342330,,,,,414246892
1654214400,2022-06-03,158920462,255268069,,,,,414188531
1654300800,2022-06-04,158912725,259060789,,,,,417973514
1654387200,2022-06-05,158888662,257830996,,,,,416719658
1654473600,2022-06-06,158896122,255470970,,,,,414367092
1654560000,2022-06-07,158920879,256729389,,,,,415650268
1654646400,2022-06-08,158920879,255599973,,,,,414520852
1654732800,2022-06-09,158930191,260804176,,,,,419734367
1654819200,2022-06-10,155932085,259556962,,,,,415489047
1654905600,2022-06-11,155952491,260519038,,,,,416471529
1654992000,2022-06-12,155882662,260499238,,,,,416381900
1655078400,2022-06-13,155937562,260526539,,,,,416464101
1655164800,2022-06-14,155734762,258322556,,,,,414057318
1655251200,2022-06-15,155835134,256190961,,,,,412026095
1655337600,2022-06-16,155781562,255794194,,,,,411575756
1655424000,2022-06-17,155828116,257763865,,,,,413591981
1655510400,2022-06-18,155815102,256485623,,,,,412300725
1655596800,2022-06-19,155840805,253083260,8305357,,,,417229422
1655683200,2022-06-20,155799972,254291291,8281972,,,,418373235
1655769600,2022-06-21,155828362,251589592,8275949,,,,415693903
1655856000,2022-06-22,155841411,250033150,8267456,,,,414142017
1655942400,2022-06-23,155897234,249248856,8176175,,,,413322265
1656028800,2022-06-24,155872215,251944245,8156349,,,,415972809
1656115200,2022-06-25,155878645,256905471,8145632,,,,420929748
1656201600,2022-06-26,155890762,256984229,8157861,,,,421032852
1656288000,2022-06-27,155913644,256953280,8154776,,,,421021700
1656374400,2022-06-28,155913831,248448777,8144182,,,,412506790
1656460800,2022-06-29,155859562,238059644,8033988,,,,401953194
1656547200,2022-06-30,155831902,237687069,8146571,,,,401665542
1656633600,2022-07-01,155829173,237140558,8115376,,,,401085107
1656720000,2022-07-02,155831344,236524406,8109505,,,,400465255
1656806400,2022-07-03,155845791,239050443,8108661,,,,403004895
1656892800,2022-07-04,155858933,238986393,8154721,,,,403000047
1656979200,2022-07-05,155845606,235204113,8132716,,,,399182435
1657065600,2022-07-06,155962245,245473436,8145878,,,,409581559
1657152000,2022-07-07,155950193,241250981,8149235,,,,405350409
1657238400,2022-07-08,155859552,242974352,8134524,,,,406968428
1657324800,2022-07-09,156015513,241062207,8127417,,,,405205137
1657411200,2022-07-10,155924702,241415980,8131779,10130,,,405482591
1657497600,2022-07-11,156002329,241512402,8127228,9979,,,405651938
1657584000,2022-07-12,156002329,248407957,8099340,9946,,,412519572
1657670400,2022-07-13,156004771,243286124,8072660,9968,,,407373523
1657756800,2022-07-14,155884858,247827332,8064610,10050,,,411786850
1657843200,2022-07-15,165920323,243428365,8090449,10066,,,417449203
1657929600,2022-07-16,165920323,244629661,8118451,10066,,,418678501
1658016000,2022-07-17,165999178,244257601,8177055,10117,,,418443951
1658102400,2022-07-18,165965661,244213129,8170621,10113,,,418359524
1658188800,2022-07-19,165983352,241460637,8421663,10207,,,415875859
1658275200,2022-07-20,166001489,238607386,8468418,10281,,,413087574
1658361600,2022-07-21,166009794,251497834,8479127,10269,,,425997024
1658448000,2022-07-22,166006559,245988253,8471508,10261,,,420476581
1658534400,2022-07-23,166021758,246003555,8581835,10272,,,420617420
1658620800,2022-07-24,166020352,248359714,8571676,10286,,,422962028
1658707200,2022-07-25,166016998,244767838,8579081,10286,,,419374203
1658793600,2022-07-26,166006919,220008210,8656926,10252,,,394682307
1658880000,2022-07-27,166054026,219937666,8434114,10223,,,394436029
1658966400,2022-07-28,158015020,216354609,8054805,10230,,,382434664
1659052800,2022-07-29,158036150,214885042,8055145,10172,,,380986509
1659139200,2022-07-30,158040850,215084567,8056837,10210,,,381192464
1659225600,2022-07-31,158047979,215337642,8065890,10243,,,381461754
1659312000,2022-08-01,158049024,215342147,8050398,10248,,,381451817
1659398400,2022-08-02,158043772,220952502,8085018,10297,,,387091589
1659484800,2022-08-03,158060159,254903570,7974254,10250,,,420948233
1659571200,2022-08-04,158026986,255264411,7901966,10152,,,421203515
1659657600,2022-08-05,158064438,215860583,7993348,10220,,,381928589
1659744000,2022-08-06,158048216,216856919,8098698,10181,,,383014014
1659830400,2022-08-07,158048216,214805510,8104590,10181,,,380968497
1659916800,2022-08-08,158020285,214220988,8144064,10169,,,380395506
1660003200,2022-08-09,158018503,213359381,8178020,10202,,,379566106
1660089600,2022-08-10,158029323,233022008,8199490,10191,,,399261012
1660176000,2022-08-11,158041825,172049735,8245053,10251,,,338346864
1660262400,2022-08-12,158062242,172866469,8255712,10310,,,339194733
1660348800,2022-08-13,158079890,173856183,8251906,10244,,,340198223
1660435200,2022-08-14,158062710,172403228,8249356,10235,,,338725529
1660521600,2022-08-15,158046657,172684115,8287449,10240,,,339028461
1660608000,2022-08-16,158049071,174587519,8286212,10195,,,340932997
1660694400,2022-08-17,158022473,173460363,8322677,10131,,,339815644
1660780800,2022-08-18,158017438,172214649,8368442,10125,,,338610654
1660867200,2022-08-19,158015739,173335772,8360535,10121,,,339722167
1660953600,2022-08-20,158010680,175984426,7796555,10078,,,341801739
1661040000,2022-08-21,158024685,175363924,7803370,10001,,,341201980
1661126400,2022-08-22,158006503,181335509,7800427,10050,,,347152489
1661212800,2022-08-23,157986908,175189067,7759812,9982,,,340945769
1661299200,2022-08-24,157987920,173917931,7754333,9955,,,339670139
1661385600,2022-08-25,158017868,175044656,7731071,9944,,,340803539
1661472000,2022-08-26,157999949,175767289,7726016,9994,,,341503248
1661558400,2022-08-27,158010156,175015795,7640900,9999,,,340676850
1661644800,2022-08-28,158024719,174340371,7590729,9999,,,339965818
1661731200,2022-08-29,158005030,173654608,7573718,9980,,,339243336
1661817600,2022-08-30,157999949,175249609,7576954,9972,,,340836484
1661904000,2022-08-31,158009075,176560608,7593987,10009,,,342173679
1661990400,2022-09-01,158004700,177027925,7626317,10006,,,342668948
1662076800,2022-09-02,158005106,173008610,7592096,9999,,,338615811
1662163200,2022-09-03,158001290,176912453,7561018,9958,,,342484719
1662249600,2022-09-04,158007018,172908445,7558467,9935,,,338483865
1662336000,2022-09-05,157999949,172971954,7511267,9920,,,338493090
1662422400,2022-09-06,157993738,172173420,7509445,9973,,,337686576
1662508800,2022-09-07,158005160,173809515,7450700,9872,,,339275247
1662595200,2022-09-08,158005441,180783219,7247906,9959,,,346046525
1662681600,2022-09-09,158011197,175324709,7245022,9952,,,340590880
1662768000,2022-09-10,158026288,169115321,5172541,10044,,,332324194
1662854400,2022-09-11,158059491,170998634,5134476,10020,,,334202621
1662940800,2022-09-12,158045108,169684673,5126809,10010,,,332866600
1663027200,2022-09-13,158009634,172006431,5105454,10094,,,335131613
1663113600,2022-09-14,158037867,170558773,5105852,9970,,,333712462
1663200000,2022-09-15,158005909,179108328,5094224,9952,,,342218413
1663286400,2022-09-16,158007168,172588608,5049764,9968,,,335655508
1663372800,2022-09-17,158006672,169818514,5042538,9950,,,332877674
1663459200,2022-09-18,158000135,169826841,4733203,9972,,,332570151
1663545600,2022-09-19,158006672,169745261,4729628,9950,,,332491511
1663632000,2022-09-20,158013654,167873215,4714668,9996,,,330611533
1663718400,2022-09-21,158015940,170876516,4692304,9989,,,333594749
1663804800,2022-09-22,158020288,170115045,4669682,9845,,,332814860
1663891200,2022-09-23,158000178,167888605,4578314,9849,,,330476946
1663977600,2022-09-24,157998873,171165397,4562724,9695,,,333736689
1664064000,2022-09-25,158001131,171071668,4547043,9707,,,333629549
1664150400,2022-09-26,158006400,167890842,4516723,9695,,,330423660
1664236800,2022-09-27,157999949,170673140,4463148,9611,,,333145848
1664323200,2022-09-28,157997647,175817406,4454371,9576,,,338279000
1664409600,2022-09-29,157991398,175372340,4455058,9674,,,337828470
1664496000,2022-09-30,158006923,170521593,4318068,9748,,,332856332
1664582400,2022-10-01,158009182,173243969,4189040,9752,,,335451943
1664668800,2022-10-02,158010669,171552899,4182560,9750,,,333755878
1664755200,2022-10-03,157999949,171559802,4143962,9652,,,333713365
1664841600,2022-10-04,158006868,170430122,4005187,9723,,,332451900
1664928000,2022-10-05,158039190,176141626,3900403,9908,,,338091127
1665014400,2022-10-06,158024897,179034411,3839570,9837,,,340908715
1665100800,2022-10-07,158019879,180583908,3797284,9793,,,342410864
1665187200,2022-10-08,157999949,185593117,3731621,9743,,,347334430
1665273600,2022-10-09,158022951,178576440,3718942,9732,,,340328065
1665360000,2022-10-10,158019113,178527430,3713977,9713,,,340270233
1665446400,2022-10-11,158007358,178617780,3689911,9713,,,340324762
1665532800,2022-10-12,157996795,178756279,3682207,9738,,,340445019
1665619200,2022-10-13,157997574,178764183,3651461,9675,,,340422893
1665705600,2022-10-14,157993654,175288760,3635554,9734,,,336927702
1665792000,2022-10-15,157999949,176592466,3626723,9685,,,338228823
1665878400,2022-10-16,158011902,176217248,3624766,9666,,,337863582
1665964800,2022-10-17,158010691,175914968,3582458,9677,,,337517794
1666051200,2022-10-18,157999949,175222805,3573742,9764,,,336806260
1666137600,2022-10-19,158008803,174584055,3559747,9802,,,336162407
1666224000,2022-10-20,158013499,177346419,3540800,9751,,,338910469
1666310400,2022-10-21,157999949,171731605,3536842,9786,,,333278182
1666396800,2022-10-22,157999949,176956481,3522909,9814,,,338489153
1666483200,2022-10-23,158009189,176586018,3521767,9823,,,338126797
1666569600,2022-10-24,158000774,176238047,3520045,9841,,,337768707
1666656000,2022-10-25,158023948,176002158,3519269,9839,,,337555214
1666742400,2022-10-26,158006177,176653018,3505144,9930,,,338174269
1666828800,2022-10-27,158025881,173154319,3504303,10033,,,334694536
1666915200,2022-10-28,158023891,175301717,3502675,9982,,,336838265
1667001600,2022-10-29,158012437,171886325,3501100,9929,,,333409791
1667088000,2022-10-30,158040917,171873922,3499200,9960,,,333423999
1667174400,2022-10-31,158028948,171457297,3498687,9980,,,332994912
1667260800,2022-11-01,157999949,172548770,3497458,9922,,,334056099
1667347200,2022-11-02,157974669,177459352,3492692,9868,,,338936581
1667433600,2022-11-03,157989714,180808452,3489472,9886,,,342297524
1667520000,2022-11-04,158015269,179737017,3487904,9802,,,341249992
1667606400,2022-11-05,157997397,180219499,3485070,9908,,,341711874
1667692800,2022-11-06,158035957,179843997,3483022,9964,,,341372940
1667779200,2022-11-07,157999949,182708746,3479467,9909,,,344198071
1667865600,2022-11-08,158007849,182624213,3516290,9971,,,344158323
1667952000,2022-11-09,158056314,185134462,3513669,10011,,,346714456
1668038400,2022-11-10,157877074,184981207,3486525,9896,,,346354702
1668124800,2022-11-11,157747149,176716737,3483495,10099,,,337957480
1668211200,2022-11-12,157676049,182507163,3482338,10163,,,343675713
1668297600,2022-11-13,157731349,183291689,3471250,10224,,,344504512
1668384000,2022-11-14,157807690,185635756,3466192,10251,,,346919889
1668470400,2022-11-15,157778749,182007143,3455998,10217,,,343252107
1668556800,2022-11-16,157841949,183923575,3455225,10259,,,345231008
1668643200,2022-11-17,157857739,181100570,3454173,10259,,,342422741
1668729600,2022-11-18,137903339,179449147,3452778,10254,,,320815518
1668816000,2022-11-19,137861939,194633899,3350441,10238,,,335856517
1668902400,2022-11-20,137924039,190348750,3349565,10306,,,331632660
1668988800,2022-11-21,137834339,180300890,3349565,10204,,,321494998
1669075200,2022-11-22,137861939,187327797,3346866,10152,,,328546754
1669161600,2022-11-23,137913420,179735414,3339225,10171,,,320998230
1669248000,2022-11-24,137834339,179101650,3337876,10247,,,320284112
1669334400,2022-11-25,137893025,182164396,3337242,10302,,,323404965
1669420800,2022-11-26,137963488,182383647,3335098,10275,,,323692508
1669507200,2022-11-27,137933041,182339275,3334445,10218,,,323616979
1669593600,2022-11-28,137924039,182379689,3327714,10217,,,323641659
1669680000,2022-11-29,137944739,181982947,3325960,10259,,,323263905
1669766400,2022-11-30,137944739,177315642,3324860,10238,,,318595479
1669852800,2022-12-01,137999939,173559144,3322715,10249,,,314892047
1669939200,2022-12-02,138013739,173587609,3321272,10298,,,314932918
1670025600,2022-12-03,135017489,173840335,3319669,10303,,,312187796
1670112000,2022-12-04,135018839,173886860,3318492,10303,,,312234494
1670198400,2022-12-05,135012089,173873841,3317245,10303,,,312213478
1670284800,2022-12-06,135010739,176698394,3451391,10365,,,315170889
1670371200,2022-12-07,134999939,176196849,3450229,10370,,,314657387
1670457600,2022-12-08,134994539,172913760,3437707,10395,,,311356401
1670544000,2022-12-09,134999939,174156357,3434631,10434,,,312601361
1670630400,2022-12-10,134999939,169415196,3432797,10445,,,307858377
1670716800,2022-12-11,134999939,169281689,3431976,10444,,,307724048
1670803200,2022-12-12,134999939,169242131,3431976,10459,,,307684505
1670889600,2022-12-13,135026939,166143858,3427832,10476,,,304609105
1670976000,2022-12-14,134999939,165557804,3425337,10648,,,303993728
1671062400,2022-12-15,135009925,163698577,3423683,10692,,,302142877
1671148800,2022-12-16,134999939,165051665,733004,10621,,,300795229
1671235200,2022-12-17,135008241,169086484,702041,10621,,,304807387
1671321600,2022-12-18,135026939,168100130,698284,10577,,,303835930
1671408000,2022-12-19,135016139,168088502,698284,10595,,,303813520
1671494400,2022-12-20,135005339,165483812,681969,10628,,,301181748
1671580800,2022-12-21,134999939,155700545,681070,10626,,,291392180
1671667200,2022-12-22,134999939,151941339,679835,10605,,,287631718
1671753600,2022-12-23,134993301,142550224,670701,10573,,,278224799
1671840000,2022-12-24,134999939,140827105,670427,10600,,,276508071
1671926400,2022-12-25,134999939,140696367,669390,10610,,,276376306
1672012800,2022-12-26,134999939,140678897,664609,10610,,,276354055
1672099200,2022-12-27,135000854,140639875,662361,10611,,,276313701
1672185600,2022-12-28,134959439,140404391,662169,10621,,,276036620
1672272000,2022-12-29,134945939,145126062,661497,10647,,,280744145
1672358400,2022-12-30,134948639,151638144,660700,10661,,,287258144
1672444800,2022-12-31,134932446,133804341,658327,10684,,,269405798
1672531200,2023-01-01,134960900,131941847,658119,10738,,,267571604
1672617600,2023-01-02,134945939,131275782,656078,10752,,,266888551
1672704000,2023-01-03,134952689,126847178,653510,10746,,,262464123
1672790400,2023-01-04,134952013,126442700,652648,10581,,,262057942
1672876800,2023-01-05,134959439,119447665,649732,10666,,,255067502
1672963200,2023-01-06,134945939,120317916,649408,10634,,,255923897
1673049600,2023-01-07,134956064,119052784,646050,10680,,,254665578
1673136000,2023-01-08,134964867,119039123,645770,10680,,,254660440
1673222400,2023-01-09,135020738,119022460,638642,10666,,,254692506
1673308800,2023-01-10,134999939,120356681,633676,10753,,,256001049
1673395200,2023-01-11,134996607,119216736,633063,10786,,,254857192
1673481600,2023-01-12,135001289,120534597,630617,10804,,,256177307
1673568000,2023-01-13,135010242,119339385,629068,10915,,,254989610
1673654400,2023-01-14,135011306,118561400,628520,10917,,,254212143
1673740800,2023-01-15,135013439,121657327,628968,10921,,,257310655
1673827200,2023-01-16,135052832,121659760,622222,10902,,,257345716
1673913600,2023-01-17,135017076,116747273,621765,10845,,,252396959
1674000000,2023-01-18,135031104,120511865,623069,10826,,,256176864
1674086400,2023-01-19,134999939,120372605,621238,10918,,,256004700
1674172800,2023-01-20,134998589,122975889,620076,10842,,,258605396
1674259200,2023-01-21,135013439,119352018,620472,10894,,,254996823
1674345600,2023-01-22,135026939,119295353,618807,10960,,,254952059
1674432000,2023-01-23,135057989,118861838,618771,10931,,,254549529
1674518400,2023-01-24,134999998,120714439,617780,10984,,,256343201
1674604800,2023-01-25,135026730,123496454,617780,10952,,,259151916
1674691200,2023-01-26,135013439,123449543,489295,10966,,,258963243
1674777600,2023-01-27,135034244,122758724,489028,10944,,,258292940
1674864000,2023-01-28,135040439,123288578,486614,10985,,,258826616
1674950400,2023-01-29,135053931,122013965,486614,11005,,,257565515
1675036800,2023-01-30,135019400,122034929,486614,10999,,,257551942
1675123200,2023-01-31,135004039,130517594,486117,11014,,,266018764
1675209600,2023-02-01,135026227,129162231,485573,10968,,,264684999
1675296000,2023-02-02,135015739,124575226,485573,11043,,,260087581
1675382400,2023-02-03,135029639,129489869,399290,11052,,,264929850
1675468800,2023-02-04,135013439,128224094,399290,10969,,,263647792
1675555200,2023-02-05,135028289,126863474,397767,10959,,,262300489
1675641600,2023-02-06,135031118,126870195,397508,10933,,,262309754
1675728000,2023-02-07,135012926,130674915,344171,10857,,,266042869
1675814400,2023-02-08,135018929,126972476,342711,10888,,,262345004
1675900800,2023-02-09,135006681,126897130,340905,10872,,,262255588
1675987200,2023-02-10,135021539,128378270,340730,10821,,,263751360
1676073600,2023-02-11,135013439,128191124,340730,10814,,,263556107
1676160000,2023-02-12,135017504,126807457,340356,10814,,,262176131
1676246400,2023-02-13,135016139,126807457,340356,10749,,,262174701
1676332800,2023-02-14,135068902,126145776,340074,10791,,,261565543
1676419200,2023-02-15,135053939,125651965,338677,10812,,,261055393
1676505600,2023-02-16,135031411,125335059,340161,10805,,,260717436
1676592000,2023-02-17,135012089,122099968,322209,10756,,,257445022
1676678400,2023-02-18,134999939,125442493,322209,10726,,,260775367
1676764800,2023-02-19,135038388,124577249,322003,10740,,,259948380
1676851200,2023-02-20,135038315,124584437,321757,10743,,,259955252
1676937600,2023-02-21,135008687,124978242,328304,10730,,,260325963
1677024000,2023-02-22,135016601,128883708,328304,10679,,,264239292
1677110400,2023-02-23,135015394,126707537,327257,10572,,,262060760
1677196800,2023-02-24,135015399,126085794,283598,10593,,,261395384
1677283200,2023-02-25,135001964,132758552,282871,10557,,,268053944
1677369600,2023-02-26,135012965,129332476,281154,10490,,,264637085
1677456000,2023-02-27,134999939,129339329,281154,10490,,,264630912
1677542400,2023-02-28,134999939,129337184,280986,10514,,,264628623
1677628800,2023-03-01,135013439,129127809,280986,10546,,,264432780
1677715200,2023-03-02,135014743,131064225,280986,10600,,,266370554
1677801600,2023-03-03,135000424,129742679,280737,10564,,,265034404
1677888000,2023-03-04,135008039,136099659,271813,10547,,,271390058
1677974400,2023-03-05,135005339,135987887,270718,10560,,,271274504
1678060800,2023-03-06,135013439,132129992,270585,10560,,,267424576
1678147200,2023-03-07,134995889,128722790,270551,10611,,,263999841
1678233600,2023-03-08,134986716,126036812,267098,10552,,,261301178
1678320000,2023-03-09,134986439,121618064,266515,10519,,,256881537
1678406400,2023-03-10,134986439,115830642,266271,10531,,,251093883
1678492800,2023-03-11,126377929,102827916,265979,10704,,,229482528
1678579200,2023-03-12,125999929,88813451,265778,10770,,,215089928
1678665600,2023-03-13,127259928,86936902,265778,10680,19560,,214492848
1678752000,2023-03-14,126503929,99888742,264914,10750,20191,,226688526
1678838400,2023-03-15,126125929,97273653,264845,10770,19787,,223694984
1678924800,2023-03-16,126755928,97608547,264845,10700,19584,,224659604
1679011200,2023-03-17,126755928,103945420,264845,10720,19731,,230996644
1679097600,2023-03-18,126629929,93776584,,10720,19621,,220436854
1679184000,2023-03-19,127007928,93963576,,10800,19860,,221002164
1679270400,2023-03-20,126881928,93870080,,10690,19750,,220782448
1679356800,2023-03-21,127385928,93058311,,10800,19787,,220474826
1679443200,2023-03-22,126755928,93027157,,10790,20081,,219813956
1679529600,2023-03-23,126755928,89166345,,10810,20099,,215953182
1679616000,2023-03-24,126629929,90267295,,10930,20007,,216928161
1679702400,2023-03-25,126881928,91681238,,10850,20062,,218594078
1679788800,2023-03-26,127007928,91681238,,10890,20044,,218720100
1679875200,2023-03-27,126125929,91225566,,10790,19878,,217382163
1679961600,2023-03-28,126125929,95412982,,10770,20172,,221569853
1680048000,2023-03-29,126125929,93397466,,10840,19897,,219554132
1680134400,2023-03-30,125999929,97376966,,10770,19915,,223407580
1680220800,2023-03-31,126377929,110312586,,10910,8559,,236709984
1680307200,2023-04-01,126125929,107122913,,10890,8527,,233268259
1680393600,2023-04-02,126125929,107015898,,10870,8622,,233161319
1680480000,2023-04-03,126251929,108773316,,10820,8645,,235044710
1680566400,2023-04-04,126251929,113223381,,10900,8582,,239494792
1680652800,2023-04-05,126125929,116610419,,10920,8614,,242755882
1680739200,2023-04-06,126125929,110211751,,10890,8630,,236357200
1680825600,2023-04-07,126125929,115970785,,10870,8645,,242116229
1680912000,2023-04-08,126125929,104227600,,10880,8653,,230373062
1680998400,2023-04-09,126251929,104435847,,10900,8748,,230707424
1681084800,2023-04-10,125999929,104123476,,10940,8598,,230142943
1681171200,2023-04-11,126251929,95554817,,10900,8559,,221826205
1681257600,2023-04-12,126125929,100926225,,10900,8243,,227071297
1681344000,2023-04-13,126251929,96265212,,10940,8614,,222536695
1681430400,2023-04-14,126377929,96894722,,11000,8669,,223292320
1681516800,2023-04-15,126251929,98458621,,10960,8669,,224730179
1681603200,2023-04-16,126125929,98374931,,10990,8669,,224520519
1681689600,2023-04-17,125999929,98557079,,11000,8748,,224576756
1681776000,2023-04-18,126125929,98253661,,10910,8748,,224399248
1681862400,2023-04-19,125999929,96692315,,10950,8661,,222711855
1681948800,2023-04-20,126125929,102008142,,10910,8614,,228153595
1682035200,2023-04-21,125999929,97178841,,10930,8645,,223198345
1682121600,2023-04-22,125999929,98257567,,10970,8669,,224277135
1682208000,2023-04-23,126125929,98261694,,10980,8622,,224407225
1682294400,2023-04-24,126125929,98315797,,10980,8661,,224461367
1682380800,2023-04-25,126125929,99152012,,11100,8669,,225297710
1682467200,2023-04-26,125999929,98718279,,10980,8630,,224737818
1682553600,2023-04-27,126377929,97682329,,10990,8653,,224079901
1682640000,2023-04-28,126251929,98744453,,11100,8748,,225016230
1682726400,2023-04-29,126251929,94102471,,11000,8748,,220374148
1682812800,2023-04-30,126125929,94102471,,11000,8645,,220248045
1682899200,2023-05-01,126125929,94076405,,11000,8669,,220222003
1682985600,2023-05-02,126125929,95092102,,10960,8637,,221237628
1683072000,2023-05-03,126251929,99216820,,11000,8669,,225488418
1683158400,2023-05-04,126125929,96561913,,11100,8669,,222707611
1683244800,2023-05-05,125999929,96583691,,11000,8669,,222603289
1683331200,2023-05-06,126251929,101736263,,11000,8748,,228007940
1683417600,2023-05-07,126251929,101507179,,10980,8669,,227778757
1683504000,2023-05-08,125969311,101503517,,11000,8669,,227492497
1683590400,2023-05-09,126125929,98233959,,10980,8661,,224379529
1683676800,2023-05-10,126251929,98435911,,10960,8661,,224707461
1683763200,2023-05-11,126125929,98709285,,10980,8645,,224854839
1683849600,2023-05-12,126125929,103318873,,10940,8606,,229464348
1683936000,2023-05-13,126251929,101396246,,10910,8519,,227667604
1684022400,2023-05-14,126125929,101497642,,10930,8559,,227643060
1684108800,2023-05-15,126125929,99808561,,10780,8598,,225953868
1684195200,2023-05-16,126125929,100247141,,10740,8622,,226392432
1684281600,2023-05-17,126125929,97029309,,10670,8637,,223174545
1684368000,2023-05-18,125999929,97182857,,10870,8535,,223202191
1684454400,2023-05-19,125999929,95749738,,10760,8472,,221768899
1684540800,2023-05-20,125999929,98838878,,10670,8488,,224857965
1684627200,2023-05-21,126125929,98959488,,10790,8543,,225104750
1684713600,2023-05-22,125999929,98843624,,10860,8488,,224862901
1684800000,2023-05-23,125999929,99787684,,10800,8543,,225806956
1684886400,2023-05-24,126125929,97973983,,10770,8456,,224119138
1684972800,2023-05-25,125999929,107477053,,10570,8448,,233496000
1685059200,2023-05-26,125976871,100963983,,10740,8464,,226960058
1685145600,2023-05-27,125999929,108566692,,10690,8448,,234585759
1685232000,2023-05-28,125972335,106027256,,10720,8448,,232018759
1685318400,2023-05-29,126125929,105864455,,10740,8393,,232009517
1685404800,2023-05-30,125939071,106804253,,10620,8456,,232762400
1685491200,2023-05-31,125961751,104815849,,10740,8401,,230796741
1685577600,2023-06-01,126125929,109078317,,10680,8440,,235223366
1685664000,2023-06-02,125995393,113499084,,10730,8385,,239513592
1685750400,2023-06-03,126125929,105140109,,10720,8401,,231285159
1685836800,2023-06-04,125999929,105165770,,10680,8472,,231184851
1685923200,2023-06-05,125999929,105270935,,10690,8417,,231289971
1686009600,2023-06-06,125999929,104114609,,10700,8417,,230133655
1686096000,2023-06-07,125996149,104499571,,10720,8409,,230514849
1686182400,2023-06-08,126125929,104045224,,10680,8433,,230190266
1686268800,2023-06-09,126251929,103634569,,10750,8480,,229905728
1686355200,2023-06-10,125995897,105570494,,10730,8464,,231585585
1686441600,2023-06-11,123122929,105808204,,10700,8488,,228950321
1686528000,2023-06-12,123122929,103292511,,10720,8472,,226434632
1686614400,2023-06-13,122975083,104489531,,10730,8464,,227483808
1686700800,2023-06-14,122999929,100442638,,10740,8496,,223461803
1686787200,2023-06-15,122999929,103181733,,10780,8511,,226200953
1686873600,2023-06-16,122804113,104011650,,10870,8527,,226835160
1686960000,2023-06-17,122914198,105587923,,10890,8582,,228521593
1687046400,2023-06-18,122973853,105598908,,10810,8511,,228592082
1687132800,2023-06-19,122953189,103439436,,10890,8622,,226412137
1687219200,2023-06-20,122947039,102206655,,10880,8567,,225173141
1687305600,2023-06-21,123368929,102754332,,10850,8606,,226142717
1687392000,2023-06-22,122948146,101575256,,10970,8622,,224542994
1687478400,2023-06-23,122905834,99803978,,10920,8401,,222729133
1687564800,2023-06-24,122914936,99926020,,10890,8598,,222860444
1687651200,2023-06-25,123245929,100053061,,10890,8590,,223318470
1687737600,2023-06-26,122962168,99953108,,10710,8559,,222934545
1687824000,2023-06-27,122997346,100785704,,10910,8598,,223802558
1687910400,2023-06-28,123368929,101097981,,10950,8606,,224486466
1687996800,2023-06-29,122868811,99853372,,10920,8574,,222741677
1688083200,2023-06-30,122976190,97649204,,10890,8637,,220644921
1688169600,2023-07-01,122999929,93094664,,10930,8598,,216114121
1688256000,2023-07-02,122974714,92986875,,10910,8590,,215981089
1688342400,2023-07-03,122980372,93094664,,10900,8574,,216094510
1688428800,2023-07-04,122999929,96850092,,10920,8590,,219869531
1688515200,2023-07-05,122999929,97994605,211096,10900,8590,,221225120
1688601600,2023-07-06,122943226,88426380,207691,10870,8496,,211596663
1688688000,2023-07-07,122928835,87568684,205989,10860,8519,,210722887
1688774400,2023-07-08,123122929,87289970,204287,10920,8519,,210636625
1688860800,2023-07-09,122999929,87289446,202584,10920,8535,,210511414
1688947200,2023-07-10,122907064,87249981,200882,10910,8535,,210377372
1689033600,2023-07-11,122968564,85515374,200882,10940,8653,,208704413
1689120000,2023-07-12,122999929,77840632,197409,10920,8574,,201057464
1689206400,2023-07-13,122999929,74625231,194006,11100,8606,,197838872
1689292800,2023-07-14,123122929,76553373,200812,11200,8827,,199897141
1689379200,2023-07-15,108107929,73725199,188899,11000,8827,,182041854
1689465600,2023-07-16,108107929,73662701,192303,11100,8827,,181982860
1689552000,2023-07-17,107999929,73593454,190601,11200,8827,,181804011
1689638400,2023-07-18,107999929,72864741,192303,11200,7991,,181076164
1689724800,2023-07-19,107999929,70794128,190601,11200,9299,,179005157
1689811200,2023-07-20,99970929,75821290,410899,11200,8827,,176223145
1689897600,2023-07-21,99999929,73845338,251359,11100,8827,,174116553
1689984000,2023-07-22,99999929,76487738,250316,11100,8748,,176757831
1690070400,2023-07-23,100099929,75553464,248749,11100,8748,,175921990
1690156800,2023-07-24,99999929,75345787,249071,11100,8748,,175614635
1690243200,2023-07-25,99986129,73459683,251061,11100,8669,,173716642
1690329600,2023-07-26,99999929,73722536,248316,11000,8669,,173990450
1690416000,2023-07-27,100099929,76366398,245147,11100,8748,,176731322
1690502400,2023-07-28,99994229,75119809,246598,10970,8669,,175380275
1690588800,2023-07-29,99999929,76115957,246570,11000,8645,,176382101
1690675200,2023-07-30,99964729,70567513,245642,11000,8669,,170797553
1690761600,2023-07-31,99999929,70597235,246816,10990,8661,,170863631
1690848000,2023-08-01,99991929,72605913,246570,10990,8669,,172864071
1690934400,2023-08-02,99979129,72034251,246079,11000,8827,,172279286
1691020800,2023-08-03,99975129,74269571,245012,10890,8637,,174509239
1691107200,2023-08-04,99950929,72912200,246570,10860,8653,,173129212
1691193600,2023-08-05,99834129,75295688,244346,11000,8637,,175393800
1691280000,2023-08-06,99893029,75268504,246816,11000,8669,,175428018
1691366400,2023-08-07,77862873,75265717,247062,11000,8582,,153395234
1691452800,2023-08-08,77902029,78468330,245833,11000,8519,,156635711
1691539200,2023-08-09,77968563,71649714,245777,11100,8669,,149883823
1691625600,2023-08-10,77885337,76927660,246325,10910,8511,,155078743
1691712000,2023-08-11,77856945,70807822,247062,10990,8535,,148931354
1691798400,2023-08-12,77938143,73179021,245597,10930,8748,,151382439
1691884800,2023-08-13,77957721,73176679,246325,10960,8606,,151400291
1691971200,2023-08-14,77958111,70707458,247308,10940,8622,,148932439
1692057600,2023-08-15,77943135,73256125,245538,10910,8582,,151464290
1692144000,2023-08-16,77927691,68659629,244423,10910,8551,,146851204
1692230400,2023-08-17,77836977,68041169,246125,10880,8527,,146143678
1692316800,2023-08-18,77925351,80084096,242134,10870,8527,,158270978
1692403200,2023-08-19,77967003,76431382,238475,10870,8551,,154656281
1692489600,2023-08-20,77928471,67475112,239092,10830,8527,,145662032
1692576000,2023-08-21,77999919,67438516,238894,10860,8645,,145696834
1692662400,2023-08-22,77999919,67704152,239973,10880,8606,,145963530
1692748800,2023-08-23,77983305,67157628,240451,10860,8527,,145400771
1692835200,2023-08-24,77977143,66385161,239494,10880,8496,,144621174
1692921600,2023-08-25,77999919,65771779,241887,10830,8480,,144032895
1693008000,2023-08-26,32992461,69369613,239157,10760,8496,,102620487
1693094400,2023-08-27,32969031,69342004,239255,10750,8504,,102569544
1693180800,2023-08-28,32978106,69352895,238396,10830,8488,,102588715
1693267200,2023-08-29,32978667,67918019,239084,10850,8519,,101155139
1693353600,2023-08-30,32999919,67639042,239970,11200,8567,,100898698
1693440000,2023-08-31,32994507,67505388,239052,10920,8559,,100758426
1693526400,2023-09-01,32967909,66591243,240448,10840,8574,,99819014
1693612800,2023-09-02,32993550,66186566,239885,10770,8496,,99439267
1693699200,2023-09-03,32999919,66120445,237086,10800,8504,,99376754
1693785600,2023-09-04,32999919,66120445,232262,10900,8448,,99371974
1693872000,2023-09-05,32986323,66075219,233631,10770,8433,,99314376
1693958400,2023-09-06,32997774,64208608,232587,10730,8440,,97458139
1694044800,2023-09-07,32990844,64563610,231434,10800,8440,,97805128
1694131200,2023-09-08,32972727,64526884,232356,10800,8338,,97751105
1694217600,2023-09-09,32987280,64461390,232817,10740,8433,,97700660
1694304000,2023-09-10,32995167,64462421,230966,10740,8417,,97707711
1694390400,2023-09-11,33032919,66446267,231875,10800,8440,,99730301
1694476800,2023-09-12,32989656,66406208,229879,10710,8417,,99644870
1694563200,2023-09-13,32997015,69457139,229375,10730,8338,,102702597
1694649600,2023-09-14,32997807,70405933,230979,10720,8370,,103653809
1694736000,2023-09-15,32999919,69137284,230291,10680,8377,,102386551
1694822400,2023-09-16,32999919,68538560,230521,10680,8346,,101788026
1694908800,2023-09-17,32999919,68587472,231666,10670,8393,,101838120
1694995200,2023-09-18,32999919,68545009,230750,10810,8417,,101794905
1695081600,2023-09-19,32989095,68923607,228773,10690,8385,,102160550
1695168000,2023-09-20,33032919,68896606,230062,10710,8370,,102178667
1695254400,2023-09-21,21997829,70732840,230750,10690,8346,,92980455
1695340800,2023-09-22,21974883,71518753,227177,10670,8023,,93739506
1695427200,2023-09-23,21999919,71778901,231208,10620,8370,,94029018
1695513600,2023-09-24,21999919,71752127,229604,11000,8354,,94001004
1695600000,2023-09-25,21999919,71850680,228595,10980,8354,,94098528
1695686400,2023-09-26,21999919,76994016,228298,10590,8330,,99241153
1695772800,2023-09-27,21989073,71598832,229136,10610,8299,,93835950
1695859200,2023-09-28,21999919,71669748,230053,10530,8314,,93918564
1695945600,2023-09-29,21999919,71171643,229365,10530,8338,,93419795
1696032000,2023-09-30,21983947,70002379,230511,10550,8314,,92235701
1696118400,2023-10-01,21999919,70001469,229933,10870,8314,,92250505
1696204800,2023-10-02,21996201,70009870,228695,10580,8330,,92253676
1696291200,2023-10-03,21999919,70987897,218854,10480,8228,,93225378
1696377600,2023-10-04,21999919,70660834,216319,10500,8236,,92895808
1696464000,2023-10-05,21999919,69136015,217900,10580,8251,,91372665
1696550400,2023-10-06,22021919,69296065,217605,10610,8306,,91554505
1696636800,2023-10-07,22021919,66926431,217285,10590,8346,,89184571
1696723200,2023-10-08,21999919,66859571,218335,10500,8291,,89096616
1696809600,2023-10-09,22021919,66791575,215749,10610,8330,,89048183
1696896000,2023-10-10,22021919,66926431,217477,10580,8346,,89184753
1696982400,2023-10-11,21996047,66338484,218007,10600,8346,,88571484
1697068800,2023-10-12,21997895,65765611,218432,10580,8362,,88000880
1697155200,2023-10-13,21985619,64582493,217085,10560,8370,,86804127
1697241600,2023-10-14,21997103,65607436,217115,10520,8243,,87840417
1697328000,2023-10-15,21999127,65618461,217038,10500,8259,,87853385
1697414400,2023-10-16,21998621,64192061,217328,10490,8354,,86426854
1697500800,2023-10-17,21983639,63372708,215893,10520,8346,,85591106
1697587200,2023-10-18,21999919,63709995,215218,10570,8299,,85944001
1697673600,2023-10-19,22021919,64950027,216201,10540,8299,,87206986
1697760000,2023-10-20,21999919,66396995,217592,10580,8425,,88633511
1697846400,2023-10-21,22021919,64412367,216884,11000,8472,,86670642
1697932800,2023-10-22,21999919,64416619,216668,10620,8645,,86652471
1698019200,2023-10-23,21999919,64349167,213408,10680,8433,,86581607
1698105600,2023-10-24,22043919,63692467,216884,10660,8409,,85972339
1698192000,2023-10-25,21986081,64678739,215517,10620,8354,,86899311
1698278400,2023-10-26,22021919,63718304,216881,10890,8322,,85976316
1698364800,2023-10-27,21999919,63981691,216449,10600,8370,,86217029
1698451200,2023-10-28,21999919,63770656,216233,10590,8314,,86005712
1698537600,2023-10-29,21999919,62067917,216233,10570,8322,,84302961
1698624000,2023-10-30,22021919,61642588,216449,10830,8338,,83900124
1698710400,2023-10-31,22021919,61648390,218391,10580,8314,,83907594
1698796800,2023-11-01,21996861,61488915,214250,10570,8314,,83718910
1698883200,2023-11-02,22021919,61983452,216652,10570,8314,,84240907
1698969600,2023-11-03,21990415,61616979,215230,10620,8377,,83841621
1699056000,2023-11-04,22021919,61158377,216652,10700,8456,,83416104
1699142400,2023-11-05,22021919,61168959,216220,10830,8496,,83426424
1699228800,2023-11-06,22021919,61168959,217299,10880,8409,,83427466
1699315200,2023-11-07,21999919,61351584,217299,11100,8433,,83588335
1699401600,2023-11-08,22021919,61794083,207344,11100,8417,,84042863
1699488000,2023-11-09,21999919,61625051,208791,32100,8401,,83874262
1699574400,2023-11-10,21999919,62071441,209411,31950,8354,,84321075
1699660800,2023-11-11,22021919,61983668,211892,31950,8362,,84257791
1699747200,2023-11-12,21997631,61960362,208998,31980,8354,,84207325
1699833600,2023-11-13,21994375,62552817,210238,32040,8425,,84797895
1699920000,2023-11-14,22021919,63576366,207858,32040,8425,,85846608
1700006400,2023-11-15,21990745,63755875,207238,32490,8527,,85994875
1700092800,2023-11-16,21989205,64500523,209924,27150,8504,,86735306
1700179200,2023-11-17,22021919,65694498,207858,27150,8590,,87960015
1700265600,2023-11-18,21999919,64835926,210131,27250,8582,,87081808
1700352000,2023-11-19,22021919,64859859,208271,27225,8598,,87125872
1700438400,2023-11-20,21999919,64805276,210338,27200,8543,,87051276
1700524800,2023-11-21,22021919,64586662,209924,27375,8606,,86854486
1700611200,2023-11-22,22021919,64962103,207445,27325,8582,,87227374
1700697600,2023-11-23,21998137,65537840,207032,27175,8551,,87778735
1700784000,2023-11-24,21999919,64941009,207858,27250,8567,,87184603
1700870400,2023-11-25,22021919,65323320,207652,27350,8574,,87588815
1700956800,2023-11-26,22021919,65221713,208478,27275,8614,,87487999
1701043200,2023-11-27,21999919,65323320,209098,27350,8590,,87568277
1701129600,2023-11-28,21999919,65639518,207652,27375,8622,,87883086
1701216000,2023-11-29,22021919,65013126,206587,27450,8622,,87277704
1701302400,2023-11-30,22021919,60316534,209511,71305,8630,,82627899
1701388800,2023-12-01,21999919,60228393,208065,70720,8598,,82515695
1701475200,2023-12-02,21999919,55839378,208478,70655,8590,,78127020
1701561600,2023-12-03,21999919,54805853,210544,70655,8598,,77095569
1701648000,2023-12-04,22021919,54751102,211371,70785,8574,,77063751
1701734400,2023-12-05,21996421,52852548,211370,70330,8511,,75139180
1701820800,2023-12-06,22021919,52756515,213230,70005,8488,,75070157
1701907200,2023-12-07,21999919,52905400,215503,123740,8504,,75253066
1701993600,2023-12-08,21999919,53157817,219222,123970,8464,,75509392
1702080000,2023-12-09,21999919,51950660,222528,123740,8433,,74305280
1702166400,2023-12-10,21999919,51982630,222114,123855,8464,,74336982
1702252800,2023-12-11,21995915,51593328,221173,122130,8440,,73940986
1702339200,2023-12-12,22043919,53567035,228781,123165,8480,,75971380
1702425600,2023-12-13,21976445,51660359,224765,123740,8448,,73993757
1702512000,2023-12-14,21983947,54069115,226772,125120,8535,,76413489
1702598400,2023-12-15,21990349,54449286,230785,126155,8653,,76805228
1702684800,2023-12-16,21969229,53503527,224765,125580,8582,,75831683
1702771200,2023-12-17,21982825,53579461,224765,125580,8535,,75921166
1702857600,2023-12-18,21976775,53695157,220751,125580,8598,,76026861
1702944000,2023-12-19,21955457,55709640,222684,125695,8559,,78022035
1703030400,2023-12-20,21987555,58069315,220677,125925,8653,,80412125
1703116800,2023-12-21,21999919,57981829,220076,126040,8614,,80336478
1703203200,2023-12-22,21999919,56851165,226696,126155,8645,,79212580
1703289600,2023-12-23,21999919,55937073,232714,126500,8645,,78304851
1703376000,2023-12-24,22021919,55993010,228702,126385,8669,,78378685
1703462400,2023-12-25,21996993,55861838,226696,126385,8622,,78220534
1703548800,2023-12-26,21999919,55875039,226696,126270,8661,,78236585
1703635200,2023-12-27,21999853,56152189,224690,126500,8614,,78511846
1703721600,2023-12-28,22021919,56317408,226696,127650,8748,,78702421
1703808000,2023-12-29,21999919,57081076,226696,126500,8748,,79442939
1703894400,2023-12-30,22021919,55120208,224684,126500,8669,,77501980
1703980800,2023-12-31,22021919,55095239,222678,126040,8669,,77474545
1704067200,2024-01-01,21997037,54310879,222678,126500,8669,,76665763
1704153600,2024-01-02,22065919,54473812,226690,126500,8669,,76901590
1704240000,2024-01-03,21999919,55209610,224684,125695,8606,,77568514
1704326400,2024-01-04,21986763,54632994,218666,125005,8559,,76971987
1704412800,2024-01-05,22021919,55403808,220672,125925,8622,,77780946
1704499200,2024-01-06,21999919,54346080,219067,125810,8582,,76699458
1704585600,2024-01-07,22021919,54422675,217462,125810,8614,,76796480
1704672000,2024-01-08,21997191,54446196,214654,125695,8606,,76792342
1704758400,2024-01-09,21998555,54207140,219067,125925,8582,,76559269
1704844800,2024-01-10,21967381,55016127,218866,125350,8582,,77336306
1704931200,2024-01-11,22021919,56310102,222678,125925,8574,,78689198
1705017600,2024-01-12,21999919,54202086,226690,125925,8637,,76563257
1705104000,2024-01-13,21990481,52337205,222678,125695,8614,,74684673
1705190400,2024-01-14,21994397,52319596,222678,125580,8606,,74670857
1705276800,2024-01-15,22021919,52402137,220271,125810,8622,,74778759
1705363200,2024-01-16,21981571,54727975,222678,125810,8622,,77066656
1705449600,2024-01-17,21992417,57506280,222678,125005,8582,,79854962
1705536000,2024-01-18,21977501,59321211,220672,125120,8590,,81653094
1705622400,2024-01-19,21974729,57962424,216459,179190,8559,,80341361
1705708800,2024-01-20,21970021,59369945,216660,179355,8543,,81744524
1705795200,2024-01-21,21986873,59284478,216459,180015,8535,,81676360
1705881600,2024-01-22,21973981,59285427,216258,179520,8559,,81663745
1705968000,2024-01-23,21999919,60104212,213249,179355,8496,,82505231
1706054400,2024-01-24,22021919,53943333,212046,233060,8551,,76418909
1706140800,2024-01-25,21993297,53122436,212046,233705,8543,,75570027
1706227200,2024-01-26,21999919,54745446,212046,232845,8559,,77198815
1706313600,2024-01-27,21986939,56270768,213049,233275,8543,,78712574
1706400000,2024-01-28,21987599,56282759,213851,233275,8519,,78726003
1706486400,2024-01-29,21999193,56213795,212848,233275,8559,,78667670
1706572800,2024-01-30,21999919,55822243,214252,232845,8535,,78277794
1706659200,2024-01-31,21989271,56525941,213049,,8551,,78736812
1706745600,2024-02-01,21952773,53559768,211444,,8496,,75732481
1706832000,2024-02-02,22021919,53755758,210842,233059,8535,,76230113
1706918400,2024-02-03,21996267,56684490,211043,231554,8504,,79131858
1707004800,2024-02-04,21980889,56676610,211444,231554,8456,,79108953
1707091200,2024-02-05,21991405,56628599,209638,232414,8472,,79070528
1707177600,2024-02-06,21963619,53135567,210842,232199,8464,,75550691
1707264000,2024-02-07,21979877,54178435,212647,230909,5960,,76607828
1707350400,2024-02-08,22021919,54182364,203919,231769,5966,,76645937
1707436800,2024-02-09,22021919,54207625,204320,231984,5966,,76671814
1707523200,2024-02-10,21999919,50821950,205122,231769,5966,,73264726
1707609600,2024-02-11,22021919,50854140,203719,232199,5982,,73317959
1707696000,2024-02-12,22021919,50904995,208130,232414,6015,,73373473
1707782400,2024-02-13,21995893,50428392,208130,230909,5955,,72869279
1707868800,2024-02-14,21999919,50631705,206927,230909,5921,,73075381
1707955200,2024-02-15,22087918,49627342,208932,231124,5921,,72161237
1708041600,2024-02-16,21993253,49640186,208130,231339,5944,,72078852
1708128000,2024-02-17,22021919,50056673,209534,230694,5944,,72524764
1708214400,2024-02-18,22021919,50134303,209132,233274,5933,,72604561
1708300800,2024-02-19,21997675,48287641,210336,230049,5949,,70731650
1708387200,2024-02-20,21993671,46925419,211940,231339,5960,,69368329
1708473600,2024-02-21,21995937,45901220,210937,232629,5977,1082076,69428776
1708560000,2024-02-22,21973761,46757786,211138,232414,5982,1082076,70263157
1708646400,2024-02-23,21982099,45520672,210135,233059,5971,1084331,69036267
1708732800,2024-02-24,21999919,44529477,208932,233059,5971,1084331,68061689
1708819200,2024-02-25,21986191,44453452,212742,232629,5966,1084331,67975311
1708905600,2024-02-26,21997917,44462571,214546,232629,5982,1082965,67996610
1708992000,2024-02-27,21993231,44193332,222567,234349,6015,1085204,67734698
1709078400,2024-02-28,21999919,44793721,222567,233489,6049,1085204,68340949
1709164800,2024-02-29,21990745,44659485,222567,232844,5966,1085204,68196811
1709251200,2024-03-01,22021919,43618701,222567,232414,5966,1081645,67183212
1709337600,2024-03-02,22021919,42990219,224572,232629,6004,1081645,66556988
1709424000,2024-03-03,21999919,42902951,224572,232414,6021,1085290,66451167
1709510400,2024-03-04,22043919,43033167,222567,234994,6015,1085290,66625952
1709596800,2024-03-05,22043919,39022604,222567,233919,5977,1085290,62614276
1709683200,2024-03-06,22021919,38632573,219359,233274,6010,1086650,62199785
1709769600,2024-03-07,21971605,37951040,228582,234564,6038,1086650,61478479
1709856000,2024-03-08,22043919,38915452,230587,235639,6038,1095445,62527080
1709942400,2024-03-09,22043919,39145148,228582,234779,6065,1095445,62753938
1710028800,2024-03-10,22043919,39137005,230586,235209,6043,1095445,62748207
1710115200,2024-03-11,21999919,39072686,228581,235209,6054,1095379,62637828
1710201600,2024-03-12,21986741,34197241,234597,235209,6027,1095379,57755194
1710288000,2024-03-13,22021919,34500210,240612,234779,6004,1096408,58099932
1710374400,2024-03-14,22021919,35055127,238607,235209,6043,1096408,58653313
1710460800,2024-03-15,22043919,32212548,242617,233274,6065,1096408,55834831
1710547200,2024-03-16,22043919,32007006,242617,233919,6004,1090117,55623582
1710633600,2024-03-17,22021919,30925610,230586,233489,6021,1089448,54507073
1710720000,2024-03-18,21992593,30847416,230586,234349,5977,1089448,54400369
1710806400,2024-03-19,21999919,30668616,224571,233704,6027,1089448,54222285
1710892800,2024-03-20,22065919,32255720,219558,233274,5977,1087287,55867735
1710979200,2024-03-21,21999919,32879221,222566,234564,6004,1087287,56429561
1711065600,2024-03-22,22021919,38049005,224571,233274,5988,1086921,61621678
1711152000,2024-03-23,21987863,47698119,222566,232199,5960,1086921,71233628
1711238400,2024-03-24,22021919,47751404,224571,232414,5966,1086921,71323195
1711324800,2024-03-25,21972265,47703701,226576,232199,5982,1081809,71222532
1711411200,2024-03-26,21999919,49255244,234597,232844,6004,1081809,72810417
1711497600,2024-03-27,21998225,49207882,234597,233059,5955,1082455,72762173
1711584000,2024-03-28,22021919,48654851,240612,232629,5949,1082455,72238415
1711670400,2024-03-29,21999919,49913918,238607,232199,5960,1082455,73473058
1711756800,2024-03-30,21995321,49904980,234597,232414,5971,1081090,73454373
1711843200,2024-03-31,22021919,50049935,230586,231984,5993,1081090,73621507
1711929600,2024-04-01,21999919,49950035,238607,231769,5966,1074726,73501022
1712016000,2024-04-02,21987687,48904412,230578,234134,5938,1074726,72437475
1712102400,2024-04-03,21978909,51584962,222558,231339,5888,1074726,75098382
1712188800,2024-04-04,22021919,52611943,222558,232629,5988,1084878,76179915
1712275200,2024-04-05,21999875,51938008,224563,232844,5966,1085448,75486704
1712361600,2024-04-06,22021919,54260504,222558,233059,5999,1085448,77829487
1712448000,2024-04-07,21999919,52644377,220553,232629,5971,1085448,76188897
1712534400,2024-04-08,21986741,52588639,224563,233274,6015,1084108,76123340
1712620800,2024-04-09,21981989,52230958,228573,234349,5988,1084108,75765965
1712707200,2024-04-10,21989865,52830879,224563,233919,5999,1075188,76360413
1712793600,2024-04-11,21990591,56323668,224563,234134,5938,1075188,79854082
1712880000,2024-04-12,22021919,57098480,220553,233919,5916,1075188,80655975
1712966400,2024-04-13,22021919,56418425,213736,232199,5866,1066880,79959025
1713052800,2024-04-14,21994573,57383178,207521,228759,5916,1066880,80886827
1713139200,2024-04-15,21999919,57442368,209927,231984,5855,1063542,80953595
1713225600,2024-04-16,22021919,58290992,202881,227684,5855,1063542,81812873
1713312000,2024-04-17,22021919,60176763,204483,229404,5872,1063542,83701983
1713398400,2024-04-18,21988721,59589012,203282,229619,5872,1067983,83084489
1713484800,2024-04-19,22021919,59667456,206486,228544,5894,1067983,83198282
1713571200,2024-04-20,21999919,59273786,205084,229404,5877,1067327,82781397
1713657600,2024-04-21,21999919,59259027,208489,229189,5905,1067327,82769856
1713744000,2024-04-22,21987533,59257308,206887,228974,5872,1067327,82753901
1713830400,2024-04-23,17999919,59521730,208689,231124,5883,1066570,79033915
1713916800,2024-04-24,17992341,58984845,207087,231554,5910,1071075,78492812
1714003200,2024-04-25,17997831,58993340,207688,230909,5916,1071075,78506759
1714089600,2024-04-26,17994933,59052333,208689,230479,5921,1071075,78563430
1714176000,2024-04-27,17978157,58893346,205685,229404,5921,1070530,78383043
1714262400,2024-04-28,17983215,58978238,207688,229619,5899,1070530,78475189
1714348800,2024-04-29,17986563,58981187,205485,231124,5921,1072566,78482846
1714435200,2024-04-30,17985681,63003886,205685,231339,5966,1072566,82505123
1714521600,2024-05-01,17995725,63727676,201880,229404,5894,1072566,83233145
1714608000,2024-05-02,17976951,63527378,203883,229619,5927,1072870,83016628
1714694400,2024-05-03,17995905,63479408,202481,230694,5899,1077920,82992307
1714780800,2024-05-04,18017919,64028322,205485,231339,5955,1077920,83566940
1714867200,2024-05-05,18017919,63935417,206286,231124,5938,1077920,83474604
1714953600,2024-05-06,17999919,64025057,206887,230049,5966,1076927,83544805
1715040000,2024-05-07,18017919,63295757,204483,231769,5982,1076927,82832837
1715126400,2024-05-08,17999127,63780246,203482,230694,5949,1075771,83295269
1715212800,2024-05-09,17992179,63837905,204283,230694,5982,1075771,83346814
1715299200,2024-05-10,17999415,64273192,205885,231554,5944,1075771,83791761
1715385600,2024-05-11,17986239,64081564,204283,231769,5938,1078965,83588758
1715472000,2024-05-12,17999919,64094832,203883,231124,5944,1078104,83613806
1715558400,2024-05-13,17997507,64082333,202080,231124,5944,1078104,83597092
1715644800,2024-05-14,17999919,64769628,202681,231769,5960,1078104,84288061
1715731200,2024-05-15,17996553,64937927,200878,232844,5971,1082491,84456664
1715817600,2024-05-16,17999919,64813913,203482,233919,6004,1082491,84339728
1715904000,2024-05-17,17999919,65298822,203682,233489,5999,1089061,84830972
1715990400,2024-05-18,17997921,65725657,205685,233919,6004,1089061,85258247
1716076800,2024-05-19,17999343,65744789,204483,233489,6015,1089061,85277180
1716163200,2024-05-20,17999919,65744066,203282,233489,6010,1088349,85275115
1716249600,2024-05-21,17999055,65425508,209090,234134,5971,1088349,84962107
1716336000,2024-05-22,17997669,65216522,208689,233919,6015,1083619,84746433
1716422400,2024-05-23,17996877,66089227,208289,233059,6043,1083619,85617114
1716508800,2024-05-24,17996967,66075066,209090,232414,5955,1083619,85603111
1716595200,2024-05-25,17993925,66478119,211493,233059,6027,1086446,86009069
1716681600,2024-05-26,17999919,66443883,210091,233274,5999,1086446,85979612
1716768000,2024-05-27,17995113,66478119,209490,233274,6015,1087261,86009272
1716854400,2024-05-28,17982945,66462297,212294,233489,5999,1087261,85984285
1716940800,2024-05-29,17973439,66125405,213696,233059,5999,1087261,85638859
1717027200,2024-05-30,17977867,66746722,209090,232199,5982,1081212,86253072
1717113600,2024-05-31,17988559,66090037,209691,233059,6038,1086847,85614231
1717200000,2024-06-01,17984959,66246165,208289,233059,6032,1086847,85765351
1717286400,2024-06-02,17985463,65402154,208489,233059,6027,1086847,84922039
1717372800,2024-06-03,17996047,65410789,206687,230909,5999,1086307,84936738
1717459200,2024-06-04,17999683,66405552,208689,233919,6010,1086307,85940160
1717545600,2024-06-05,17998297,66638556,207688,233704,6038,1088491,86172774
1717632000,2024-06-06,17999683,66480348,208289,234134,6021,1088491,86016966
1717718400,2024-06-07,17998935,66469888,206486,232414,5982,1088491,86002196
1717804800,2024-06-08,17997747,65954011,203482,231769,5982,1081822,85474813
1717891200,2024-06-09,17996001,65954011,204884,231769,5966,1081822,85474453
1717977600,2024-06-10,17991357,65954011,202881,232199,5944,1077432,85463824
1718064000,2024-06-11,17998215,66341944,202681,231124,5927,1077432,85857323
1718150400,2024-06-12,17216008,66267950,204684,232199,5944,1077454,85004239
1718236800,2024-06-13,17207468,65661858,200878,231339,5944,1082453,84389940
1718323200,2024-06-14,17203026,66262155,198498,230479,5921,1082453,84982532
1718409600,2024-06-15,17212134,69232859,200678,230264,5933,1072881,87954749
1718496000,2024-06-16,17207003,69232859,201279,230264,5916,1072881,87950202
1718582400,2024-06-17,17216679,69220605,199626,231554,5938,1072881,87947283
1718668800,2024-06-18,17212650,68648727,202080,230909,5927,1075139,87375432
1718755200,2024-06-19,17203611,69226810,200478,231554,5938,1075890,87944281
1718841600,2024-06-20,17202613,69143194,199332,230049,5921,1075884,87856993
1718928000,2024-06-21,17205643,67827040,202280,229834,5910,1075880,86546587
1719014400,2024-06-22,17211858,68820500,199535,230479,5944,1081014,87549330
1719100800,2024-06-23,17202165,68807424,199787,230049,5910,1081014,87526349
1719187200,2024-06-24,17197120,68771293,200478,231339,5949,1085085,87491264
1719273600,2024-06-25,17217351,67377335,198584,231984,5905,2158315,87189474
1719360000,2024-06-26,17208656,68033524,199738,231124,5921,1085144,86764107
1719446400,2024-06-27,17196810,67749690,200678,231124,5938,1079946,86464186
1719532800,2024-06-28,17186342,66764028,199320,230909,5910,1080005,85466514
1719619200,2024-06-29,17190061,66108023,199021,230049,5933,1084079,84817166
1719705600,2024-06-30,17195640,66187302,201479,231124,6010,1084100,84905655
1719792000,2024-07-01,17202854,66118602,199445,230049,5933,1084106,84840989
1719878400,2024-07-02,17198635,67639929,199415,231984,5921,1085792,86361676
1719964800,2024-07-03,17204541,64173987,203082,232199,5955,1085975,82905739
1720051200,2024-07-04,17194366,64732641,199392,231984,5927,1093459,83457769
1720137600,2024-07-05,17234568,64864768,202080,232414,5977,1093632,83633439
1720224000,2024-07-06,17217351,65850073,202280,233274,6021,1093632,84602631
1720310400,2024-07-07,17209672,64844189,199159,232629,5977,1096659,83588285
1720396800,2024-07-08,17211307,64858328,201880,232844,5971,1095669,83605999
1720483200,2024-07-09,17203818,66769203,201880,232629,5999,1095723,85509252
1720569600,2024-07-10,17216834,65694820,199633,233489,5993,1095723,84446492
1720656000,2024-07-11,13017351,65969936,198979,233919,6004,1095905,80522094
1720742400,2024-07-12,13017351,66652856,200478,234349,6065,1095919,81207018
1720828800,2024-07-13,13056403,67248309,203482,234994,6137,1104822,81854147
1720915200,2024-07-14,13017351,66530663,204083,233919,6065,1104816,81096897
1721001600,2024-07-15,13030368,66538316,202681,234779,6060,1104816,81117020
1721088000,2024-07-16,13030368,67998376,199211,234349,6015,1102563,82570882
1721174400,2024-07-17,13017351,67439248,200091,234779,6038,1106841,82004348
1721260800,2024-07-18,13015138,67651732,200878,234134,6076,1106841,82214799
1721347200,2024-07-19,13017351,68341061,200678,233704,6038,1106847,82905679
1721433600,2024-07-20,13056403,69363269,199799,234349,6054,1102005,83961879
1721520000,2024-07-21,13016635,67618491,200878,234564,6060,1102005,82178633
1721606400,2024-07-22,13030368,67630191,199167,234134,6027,1101650,82201537
1721692800,2024-07-23,13017351,68051968,199952,233489,6010,1101650,82610420
1721779200,2024-07-24,13013016,69135158,197060,231124,5977,1101650,83683985
1721865600,2024-07-25,13014057,68699770,200878,233059,6021,1096551,83250336
1721952000,2024-07-26,13014995,69220242,200575,233489,6010,1099993,83775304
1722038400,2024-07-27,13010998,68942122,202775,233704,6004,1100102,83495705
1722124800,2024-07-28,13016166,68948535,199557,233489,5971,1100102,83503820
1722211200,2024-07-29,13016127,68949225,201375,232844,5982,1098082,83503635
1722297600,2024-07-30,13017351,69959014,199220,340829,5966,1098083,84620463
1722384000,2024-07-31,13017351,70881181,193675,340829,6004,1095188,85534228
1722470400,2024-08-01,13030368,70449478,200775,344294,6027,1095242,85126184
1722556800,2024-08-02,13030368,71223206,200775,344294,6027,1095253,85899923
1722643200,2024-08-03,13030368,71511664,200775,344294,6027,1105033,86198161
1722729600,2024-08-04,13030368,71511664,200775,344294,6027,1105033,86198161
1722816000,2024-08-05,13030368,71511664,200775,344294,6027,1108084,86201212
1722902400,2024-08-06,13030368,73224784,199976,431339,6027,1108084,88000578
1722988800,2024-08-07,13014916,74252636,200975,431734,5977,1108084,89014322
1723075200,2024-08-08,13095455,76126372,199967,434104,6021,1105750,90967669
1723161600,2024-08-09,13030368,77477311,202175,430944,6021,1105750,92252569
1723248000,2024-08-10,13017351,76629689,202375,430549,6038,1105544,91391546
1723334400,2024-08-11,12995417,76466138,197870,431339,6032,1105544,91202340
1723420800,2024-08-12,13030368,76717443,200575,431734,6032,1105544,91491696
1723507200,2024-08-13,13017351,77257985,200775,433709,6071,1106607,92022498
1723593600,2024-08-14,13017351,79513224,201575,434499,6082,1114236,94286967
1723680000,2024-08-15,13030368,79810528,195806,438449,6082,1114236,94595469
1723766400,2024-08-16,13016244,79951937,201975,434104,6082,1114236,94724578
1723852800,2024-08-17,13017351,81523903,199807,434499,6082,1116270,96297912
1723939200,2024-08-18,13017351,80592078,198700,434104,6082,1116270,95364585
1724025600,2024-08-19,13017351,80583858,200975,438449,6082,1121746,95368461
1724112000,2024-08-20,13017351,81825920,199927,438449,6082,1121746,96609475
1724198400,2024-08-21,13015789,81441155,199416,438449,6137,1121746,96222692
1724284800,2024-08-22,13013276,84357789,200775,438449,6137,1128792,99145218
1724371200,2024-08-23,13017351,85500145,200975,442399,6192,1128792,100295854
1724457600,2024-08-24,13007913,87644503,199071,442399,6192,1132619,102432697
1724544000,2024-08-25,13030368,87840015,199735,442399,6192,1132619,102651328
1724630400,2024-08-26,13015398,87742083,199700,442399,6137,1132619,102538336
1724716800,2024-08-27,13009710,89049324,200376,442399,6248,1129752,103837809
1724803200,2024-08-28,13030368,90425371,199871,438449,6137,1129752,105229948
1724889600,2024-08-29,13015724,93588606,200575,438449,6137,1121215,108370706
1724976000,2024-08-30,13015997,93488218,198902,434499,6137,1121215,108264968
1725062400,2024-08-31,13017351,95119781,199309,434499,6137,1121215,109898292
1725148800,2024-09-01,12996900,93806402,201175,434499,6082,1119212,108564270
1725235200,2024-09-02,13030368,94062278,201175,434499,6137,1119901,108854358
1725321600,2024-09-03,13012638,94114866,200575,434499,6082,1119901,108888561
1725408000,2024-09-04,13016973,96248113,199606,438449,6137,1119901,111029179
1725494400,2024-09-05,2017203,96877579,199664,438449,6137,1121174,100660206
1725580800,2024-09-06,2017026,97521654,198487,461999,6082,1121174,101326422
1725667200,2024-09-07,2016659,98397197,199681,466199,6082,1122208,102208026
1725753600,2024-09-08,2015935,98358518,200575,461159,6137,1122208,102164532
1725840000,2024-09-09,2017351,98384501,199976,461999,6137,1122208,102192172
1725926400,2024-09-10,2019368,100139797,202175,461999,6082,1116697,103946118
1726012800,2024-09-11,2017351,100744452,203775,461999,6082,1116697,104550356
1726099200,2024-09-12,2017040,101518876,199789,466199,6137,1121096,105329137
1726185600,2024-09-13,2017173,101583752,199916,466199,6137,1121096,105394273
1726272000,2024-09-14,2017351,104069641,200376,466199,6137,1121102,107880806
1726358400,2024-09-15,2017351,104082859,198602,466199,6137,1121466,107892614
1726444800,2024-09-16,2019368,104082859,198646,466199,6137,1121466,107894675
1726531200,2024-09-17,2016697.11,104977894.54,196824.55,466198.89,6137.09,1121968.39,108785720.57000001