Timestamp,Date,USDT,USDC,BUSD,DAI,FRAX,TUSD,USN,Total
1657411200,2022-07-10,,,,,,,112827614,112827614
1657497600,2022-07-11,,,,,,,112751560,112751560
1657584000,2022-07-12,,,,,,,112857862,112857862
1657670400,2022-07-13,,,,,,,112929180,112929180
1657756800,2022-07-14,,,,,,,112856977,112856977
1657843200,2022-07-15,,,,,,,124196082,124196082
1657929600,2022-07-16,,,,,,,124452826,124452826
1658016000,2022-07-17,,,,,,,124456221,124456221
1658102400,2022-07-18,,,,,,,124448603,124448603
1658188800,2022-07-19,,,,,,,126286851,126286851
1658275200,2022-07-20,,,,,,,125417173,125417173
1658361600,2022-07-21,,,,,,,125652461,125652461
1658448000,2022-07-22,,,,,,,124777323,124777323
1658534400,2022-07-23,,,,,,,125160575,125160575
1658620800,2022-07-24,,,,,,,125080038,125080038
1658707200,2022-07-25,,,,,,,125166441,125166441
1658793600,2022-07-26,,,,,,,126644230,126644230
1658880000,2022-07-27,,,,,,,136410401,136410401
1658966400,2022-07-28,,,,,,,136432086,136432086
1659052800,2022-07-29,,,,,,,136189278,136189278
1659139200,2022-07-30,,,,,,,136846363,136846363
1659225600,2022-07-31,,,,,,,134022662,134022662
1659312000,2022-08-01,,,,,,,134214443,134214443
1659398400,2022-08-02,,,,,,,133759154,133759154
1659484800,2022-08-03,,,,,,,128652705,128652705
1659571200,2022-08-04,,,,,,,128120057,128120057
1659657600,2022-08-05,,,,,,,128529051,128529051
1659744000,2022-08-06,,,,,,,123357394,123357394
1659830400,2022-08-07,,,,,,,122146047,122146047
1659916800,2022-08-08,,,,,,,122253618,122253618
1660003200,2022-08-09,,,,,,,122365891,122365891
1660089600,2022-08-10,,,,,,,122356739,122356739
1660176000,2022-08-11,,,,,,,121020256,121020256
1660262400,2022-08-12,,,,,,,120776051,120776051
1660348800,2022-08-13,,,,,,,120901864,120901864
1660435200,2022-08-14,,,,,,,120959136,120959136
1660521600,2022-08-15,,,,,,,121149372,121149372
1660608000,2022-08-16,,,,,,,121018342,121018342
1660694400,2022-08-17,,,,,,,120162332,120162332
1660780800,2022-08-18,,,,,,,119831666,119831666
1660867200,2022-08-19,,,,,,,120093895,120093895
1660953600,2022-08-20,106365907,40473592,102,12443200,,20562,119257722,278561085
1661040000,2022-08-21,106141391,40211665,102,12436423,,20562,119819243,278629386
1661126400,2022-08-22,106152636,40184987,102,12443579,,20565,119697179,278499048
1661212800,2022-08-23,106131665,40142802,102,12432133,,20566,119520729,278247997
1661299200,2022-08-24,106251925,40859806,102,12421090,,20558,119870194,279423675
1661385600,2022-08-25,106332655,41438870,102,12425230,,20561,119507791,279725209
1661472000,2022-08-26,106449245,39342704,102,12433099,,20561,119548905,277794616
1661558400,2022-08-27,105202077,39522297,102,12430058,,20560,118308600,275483694
1661644800,2022-08-28,105663472,39575944,102,12426511,,20564,119095006,276781599
1661731200,2022-08-29,103575378,39455921,102,12425088,,20565,117628502,273105556
1661817600,2022-08-30,103363829,39732267,102,12426178,,20563,117768305,273311244
1661904000,2022-08-31,103050874,39489977,102,12426827,,20560,117183751,272172091
1661990400,2022-09-01,103906868,39370446,102,12425980,,20564,117088423,272812383
1662076800,2022-09-02,102361404,39492135,102,12416305,,20564,115098567,269389077
1662163200,2022-09-03,102740389,39089569,102,12416065,,20560,114875941,269142626
1662249600,2022-09-04,98328049,38844945,102,12415030,,20560,114605858,264214544
1662336000,2022-09-05,99689262,38505825,102,12415033,,20559,115640124,266270905
1662422400,2022-09-06,99850187,38142164,102,12113265,,20560,115532565,265658843
1662508800,2022-09-07,100037339,39567107,102,12225113,,20561,115827474,267677696
1662595200,2022-09-08,99152293,40197602,102,12223160,,20558,115697240,267290955
1662681600,2022-09-09,98901991,40256829,102,12226502,,20561,115573657,266979642
1662768000,2022-09-10,100843423,40596365,102,12372684,,20558,115930648,269763780
1662854400,2022-09-11,100876598,39420615,102,12375944,,20558,115259028,267952845
1662940800,2022-09-12,101027317,39472058,102,12377050,,20559,115278037,268175123
1663027200,2022-09-13,100979416,39527733,102,12366130,,20559,115177373,268071313
1663113600,2022-09-14,101240926,39792826,102,12384423,,20562,115278352,268717191
1663200000,2022-09-15,101309672,39750897,102,12374131,,20559,115647648,269103009
1663286400,2022-09-16,101360025,39775503,102,12376330,,20564,115232000,268764524
1663372800,2022-09-17,101504482,40066606,102,12376774,,20561,114083569,268052094
1663459200,2022-09-18,101469099,40055681,102,12378533,,20560,114144305,268068280
1663545600,2022-09-19,101502651,40027889,102,12378228,,20561,114274512,268203943
1663632000,2022-09-20,101509949,40010338,102,12376844,,20560,115508885,269426678
1663718400,2022-09-21,101358484,40013975,102,12375126,,20561,115369424,269137672
1663804800,2022-09-22,101400565,40010197,102,12373595,,20561,114743394,268548414
1663891200,2022-09-23,100870083,40046668,102,12365768,,20559,115473602,268776782
1663977600,2022-09-24,100663601,39903012,102,12380143,,20562,114822329,267789749
1664064000,2022-09-25,100662354,40059820,102,12371681,,20560,114899311,268013828
1664150400,2022-09-26,100622103,40398188,102,12371347,,20559,114964853,268377152
1664236800,2022-09-27,100815246,40577356,102,12375765,,20561,114066645,267855675
1664323200,2022-09-28,101490965,40391138,102,12345157,,20557,113967175,268215094
1664409600,2022-09-29,100980352,40514870,102,12398424,,20551,113686223,267600522
1664496000,2022-09-30,105953652,44279382,102,12407081,,20560,113413449,276074226
1664582400,2022-10-01,106238887,44003222,102,12313474,,20551,116493124,279069360
1664668800,2022-10-02,106128060,43637825,102,12312982,,20560,116209013,278308542
1664755200,2022-10-03,106095690,43402041,102,12314664,,20558,116305010,278138065
1664841600,2022-10-04,103299244,43424030,102,12314305,,20543,116569061,275627285
1664928000,2022-10-05,102671311,41034812,102,12321674,,20554,115219541,271267994
1665014400,2022-10-06,102555428,41204617,102,12322373,,20570,114984326,271087416
1665100800,2022-10-07,104410223,41155180,102,12322007,,20560,115940493,273848565
1665187200,2022-10-08,103936441,41207681,102,12296317,,20547,116060531,273521619
1665273600,2022-10-09,103359176,41091336,102,12245081,,20558,116317108,273033361
1665360000,2022-10-10,103595562,41103490,102,12195689,,20558,116085043,273000444
1665446400,2022-10-11,103583541,40986112,102,12195009,,20566,116327184,273112514
1665532800,2022-10-12,103497499,40745304,102,12195695,,20566,115351938,271811104
1665619200,2022-10-13,102648169,40782363,102,12194948,,20555,115529815,271175952
1665705600,2022-10-14,102355290,40471956,102,12192056,,20568,115217709,270257681
1665792000,2022-10-15,102325023,40384095,102,12191539,,20572,115341298,270262629
1665878400,2022-10-16,102326903,40238011,102,12181031,,20563,115390159,270156769
1665964800,2022-10-17,101007016,40227265,102,11759879,,20558,115189030,268203850
1666051200,2022-10-18,101000219,40190195,102,11744559,,20560,114705855,267661490
1666137600,2022-10-19,100865483,39382395,102,11739263,,20558,114817681,266825482
1666224000,2022-10-20,98215669,38665018,102,11741540,,20558,114382406,263025293
1666310400,2022-10-21,98352125,38055631,102,11739884,,20567,114380016,262548325
1666396800,2022-10-22,98512233,37539679,102,11743699,,20561,114218153,262034427
1666483200,2022-10-23,97522460,35820088,102,10620387,,20561,114369108,258352706
1666569600,2022-10-24,97052707,35467824,102,10620129,,20562,114184528,257345852
1666656000,2022-10-25,85410457,34639319,102,10617521,,20559,58354512,189042470
1666742400,2022-10-26,52688718,32894960,102,7610838,,20560,35589889,128805067
1666828800,2022-10-27,51488059,35806849,102,7420521,,20560,35547049,130283140
1666915200,2022-10-28,60075372,35440975,102,7417942,,20559,35345806,138300756
1667001600,2022-10-29,60118491,36009352,102,7418005,,20563,35205111,138771624
1667088000,2022-10-30,60258202,36081698,102,7417580,,20557,35380989,139159128
1667174400,2022-10-31,59448952,36080801,102,7415500,,20575,35426374,138392304
1667260800,2022-11-01,58406794,36141481,102,7417402,,20560,35552615,137538954
1667347200,2022-11-02,59280680,36015509,102,7422702,,20560,35505859,138245412
1667433600,2022-11-03,57941612,35991436,102,7417730,,20566,35479208,136850654
1667520000,2022-11-04,61666175,36040188,102,7416709,,20560,35279920,140423654
1667606400,2022-11-05,61279923,36098526,102,7415923,,20550,35372252,140187276
1667692800,2022-11-06,61301047,36320755,102,7410864,,20562,35364530,140417860
1667779200,2022-11-07,61147546,36155221,102,7415628,,20566,35289639,140028702
1667865600,2022-11-08,51027851,36261951,102,7415324,,20565,35265550,129991343
1667952000,2022-11-09,50674009,36168559,102,7414748,,20548,35257239,129535205
1668038400,2022-11-10,39405864,35537384,103,7363631,,20541,35538021,117865544
1668124800,2022-11-11,39541573,35570017,103,6660437,,20618,36113763,117906511
1668211200,2022-11-12,38641187,36139000,102,6544787,,20565,35542965,116888606
1668297600,2022-11-13,38445865,35963258,102,6374770,,20560,36044731,116849286
1668384000,2022-11-14,37703327,35841921,102,6271534,,20498,36345241,116182623
1668470400,2022-11-15,36081178,35306728,102,6277998,,20572,36111750,113798328
1668556800,2022-11-16,35776231,35330199,102,6261210,,20587,36098894,113487223
1668643200,2022-11-17,35356669,35268439,102,6257468,,20562,36087873,112991113
1668729600,2022-11-18,34920137,33179819,102,6259176,,20611,36050903,110430748
1668816000,2022-11-19,36766480,33493041,102,6256396,,20549,36100623,112637191
1668902400,2022-11-20,35917657,33569651,102,6255204,,20539,36561084,112324237
1668988800,2022-11-21,35671544,33380175,102,6270818,,20621,36058142,111401402
1669075200,2022-11-22,35235687,33218969,102,6144407,,20584,36051650,110671399
1669161600,2022-11-23,34997349,33255319,102,6142709,,20634,36055246,110471359
1669248000,2022-11-24,34774861,32058804,102,6088993,,20571,36625064,109568395
1669334400,2022-11-25,34320471,32368511,102,6091477,,20578,36590749,109391888
1669420800,2022-11-26,33813127,31969343,102,6094528,,20562,36522089,108419751
1669507200,2022-11-27,33692844,31982795,102,6088757,,20561,36406421,108191480
1669593600,2022-11-28,33717600,32026441,102,6088996,,20548,36388347,108242034
1669680000,2022-11-29,33690360,32306266,102,6085202,,20539,36402711,108505180
1669766400,2022-11-30,33564242,32469415,102,6056007,,20578,36716919,108827263
1669852800,2022-12-01,35213904,32482505,102,6057658,,20570,36719800,110494539
1669939200,2022-12-02,33081446,32578186,102,6055588,,20559,37168310,108904191
1670025600,2022-12-03,32947038,32553971,102,6056853,,20559,36730332,108308855
1670112000,2022-12-04,32598578,32609315,102,6059416,,20556,36717285,108005252
1670198400,2022-12-05,32562031,32580956,102,6058958,,20552,36717209,107939808
1670284800,2022-12-06,32261938,32965903,102,5684725,,20550,36783269,107716487
1670371200,2022-12-07,34185638,32897989,102,5568872,,20546,36800012,109473159
1670457600,2022-12-08,33471275,32297021,102,5569716,,20552,36785243,108143909
1670544000,2022-12-09,35236280,32331087,102,5565176,,20556,36505287,109658488
1670630400,2022-12-10,32683112,32442250,102,5568470,,20541,36473983,107188458
1670716800,2022-12-11,32662401,32430973,102,5567326,,20547,36526367,107207716
1670803200,2022-12-12,32576331,32428067,102,5569524,,20560,36436555,107031139
1670889600,2022-12-13,31996226,33248374,102,5564725,,20591,36554645,107384663
1670976000,2022-12-14,31763806,33333604,102,5566500,,20586,36501574,107186172
1671062400,2022-12-15,31670340,34075565,102,5556091,,20584,35649473,106972155
1671148800,2022-12-16,31637876,34132052,102,5552047,,20569,35341563,106684209
1671235200,2022-12-17,31617800,34031883,102,5555657,,20571,36056546,107282559
1671321600,2022-12-18,31123184,34220673,102,5549238,,20558,36209654,107123409
1671408000,2022-12-19,30977883,34120648,102,5496560,,20560,36662065,107277818
1671494400,2022-12-20,30835817,34227121,102,5436678,,20548,35660685,106180951
1671580800,2022-12-21,30803472,34194369,102,5435597,,20553,36771960,107226053
1671667200,2022-12-22,30734009,34322541,102,5430801,,20555,36914195,107422203
1671753600,2022-12-23,30702219,34269610,102,5432399,,20547,37280039,107704916
1671840000,2022-12-24,30421527,34234306,102,5434327,,20577,36303517,106414356
1671926400,2022-12-25,30359993,34080350,102,5433518,,20588,36518217,106412768
1672012800,2022-12-26,30242963,34054344,102,5431765,,20580,36518217,106267971
1672099200,2022-12-27,30239516,33993565,102,5433068,,20558,36773339,106460148
1672185600,2022-12-28,30130287,33984360,102,5430557,,20558,36087334,105653198
1672272000,2022-12-29,29825103,33923069,102,5431424,,20586,36012697,105212981
1672358400,2022-12-30,29771755,33913047,102,5431152,,20569,36590349,105726974
1672444800,2022-12-31,29757867,33809010,102,5431308,,20576,37141870,106160733
1672531200,2023-01-01,29794536,33739486,102,5430026,,20582,35259372,104244104
1672617600,2023-01-02,29762808,33883918,102,5431391,,20591,36088121,105186931
1672704000,2023-01-03,29749176,33881857,102,5431372,,20597,35340780,104423884
1672790400,2023-01-04,29679172,34223490,102,5429266,,20594,35615673,104968297
1672876800,2023-01-05,28663192,34522819,102,5428685,,20565,38302944,106938307
1672963200,2023-01-06,27985294,33996847,102,5113663,,20575,38302804,105419285
1673049600,2023-01-07,27576171,33999366,102,5114458,,20569,38302802,105013468
1673136000,2023-01-08,29078165,33754566,102,5033188,,20581,38302845,106189447
1673222400,2023-01-09,29029375,33721578,102,5030430,,20589,38302134,106104208
1673308800,2023-01-10,28995908,33713070,102,5029929,,20565,38302132,106061706
1673395200,2023-01-11,28677199,33866478,102,5030687,,20569,38604388,106199423
1673481600,2023-01-12,28741340,33454728,102,5032309,,20559,39103760,106352798
1673568000,2023-01-13,28390366,33387016,102,5030035,,20565,39105622,105933706
1673654400,2023-01-14,28360920,33439266,102,5032129,,20576,39291167,106144160
1673740800,2023-01-15,28181856,33181771,102,5029970,,20580,39294650,105708929
1673827200,2023-01-16,28068031,32984265,102,5030609,,20580,39294677,105398264
1673913600,2023-01-17,29570116,32896299,102,5030778,,20578,39294678,106812551
1674000000,2023-01-18,29410265,32829668,102,5030851,,20575,39294863,106586324
1674086400,2023-01-19,29439741,32829737,102,5030289,,20580,39374826,106695275
1674172800,2023-01-20,29254357,32815214,102,5028791,,20573,39508717,106627754
1674259200,2023-01-21,29253594,32940394,102,5027591,,20601,39513964,106756246
1674345600,2023-01-22,29275821,32518591,102,5001556,,20580,39513978,106330628
1674432000,2023-01-23,29304395,32531147,102,5007185,,20593,39515038,106378460
1674518400,2023-01-24,29159596,32895907,102,5006302,,20596,39549711,106632214
1674604800,2023-01-25,29018154,32915867,102,5003721,,20605,39549720,106508169
1674691200,2023-01-26,29008374,32908408,102,5003566,,20580,39549783,106490813
1674777600,2023-01-27,29016795,32823495,102,5001414,,20591,37655193,104517590
1674864000,2023-01-28,29012641,32850385,102,4998552,,20592,37656794,104539066
1674950400,2023-01-29,29014964,32668686,102,4998167,,20589,37660230,104362738
1675036800,2023-01-30,28949401,32676557,102,5005648,,20572,37663230,104315510
1675123200,2023-01-31,28739922,32885354,102,4998570,,20584,37663242,104307774
1675209600,2023-02-01,28742980,32947100,102,5001040,,20580,37663242,104375044
1675296000,2023-02-02,28652905,32790858,102,4999472,,20580,37663248,104127165
1675382400,2023-02-03,28656542,32953760,102,5002495,,20580,37663248,104296727
1675468800,2023-02-04,28732072,32957528,102,4998275,,20560,37663255,104371792
1675555200,2023-02-05,28686899,34053699,102,4997530,,20551,37663257,105422038
1675641600,2023-02-06,28577127,33877794,102,5000912,,20552,37663254,105139741
1675728000,2023-02-07,28577323,32860469,102,4999032,,20558,37663262,104120746
1675814400,2023-02-08,28561815,32833479,102,4999815,,20561,37663288,104079060
1675900800,2023-02-09,28665060,32717159,102,4998131,,20554,37663292,104064298
1675987200,2023-02-10,28601477,32855333,102,4999145,,20560,37663304,104139921
1676073600,2023-02-11,28593592,32828682,102,5002832,,20533,37663308,104109049
1676160000,2023-02-12,28593781,32825382,102,5001525,,20544,37663313,104104647
1676246400,2023-02-13,28598855,32847173,102,4999629,,20552,37663317,104129628
1676332800,2023-02-14,28462267,32455347,102,4995126,,20541,37663307,103596690
1676419200,2023-02-15,28414422,31938675,102,4996663,,20557,37665982,103036401
1676505600,2023-02-16,28452915,32146519,102,4994905,,20556,37671720,103286717
1676592000,2023-02-17,28421529,31521612,102,4995917,,20566,37671755,102631481
1676678400,2023-02-18,28408564,31626556,102,4996755,,20570,37671753,102724300
1676764800,2023-02-19,28401600,31841251,102,4995168,,20566,37671750,102930437
1676851200,2023-02-20,28377329,31814126,102,4995307,,20560,37671750,102879174
1676937600,2023-02-21,28396847,31700668,102,4995038,,20556,37671696,102784907
1677024000,2023-02-22,28281462,31654588,102,4994585,,20547,37671703,102622987
1677110400,2023-02-23,28270949,31646008,102,4994227,,20544,37671720,102603550
1677196800,2023-02-24,28190661,31541187,102,4994493,,20548,37671720,102418711
1677283200,2023-02-25,28188207,31596353,102,4996434,,20563,37671732,102473391
1677369600,2023-02-26,28147392,31674276,102,4995903,,20540,37671746,102509959
1677456000,2023-02-27,28041081,31667232,102,4994391,,20540,37671726,102395072
1677542400,2023-02-28,28034348,31692500,102,4993390,,20544,37671721,102412605
1677628800,2023-03-01,27996076,31665691,102,4993540,,20550,37671723,102347682
1677715200,2023-03-02,27964667,31681798,102,4993642,,20582,37671725,102332516
1677801600,2023-03-03,27929146,31726636,102,4993646,,20541,37671777,102341848
1677888000,2023-03-04,27936776,31856398,102,4996660,,20599,37671779,102482314
1677974400,2023-03-05,27951112,28626529,102,4996379,,20579,37673789,99268490
1678060800,2023-03-06,27853525,28615296,102,4996653,,20572,37673789,99159937
1678147200,2023-03-07,27160196,28263628,102,4706739,,20582,37673791,97825038
1678233600,2023-03-08,27499876,28700394,102,4706627,,20566,37673792,98601357
1678320000,2023-03-09,27479160,28959676,102,4706786,,20553,37673798,98840075
1678406400,2023-03-10,27307295,28966123,102,4706713,,20568,37673811,98674612
1678492800,2023-03-11,27329796,32803482,102,7089809,,20571,37673814,104917574
1678579200,2023-03-12,20733032,31823211,102,3326824,,20514,37693921,93597604
1678665600,2023-03-13,20483668,32801963,103,4774238,,20642,37692760,95773374
1678752000,2023-03-14,20233546,33207592,103,4791079,,20580,37691755,95944655
1678838400,2023-03-15,19969948,33174682,102,4768879,,20560,37690749,95624920
1678924800,2023-03-16,20109664,33350639,103,4810134,,20683,37690769,95981992
1679011200,2023-03-17,20225706,32973409,103,4805334,,20662,37689768,95714982
1679097600,2023-03-18,19913547,32930508,102,2925344,,20642,37689772,93479915
1679184000,2023-03-19,19898988,28944353,103,2925941,,20704,37689750,89479839
1679270400,2023-03-20,20193808,28999454,103,2928897,,20704,37689745,89832711
1679356800,2023-03-21,20237400,29207416,103,2975856,,20745,37689749,90131269
1679443200,2023-03-22,20118489,29284978,103,2969923,,20683,37689757,90083933
1679529600,2023-03-23,19797050,29402273,103,2977131,,20601,37689189,89886347
1679616000,2023-03-24,19797692,29349542,103,2974157,,20621,37689189,89831304
1679702400,2023-03-25,19845933,29632599,103,2986053,,20704,37689189,90174581
1679788800,2023-03-26,19852987,29684122,103,2984184,,20704,37689189,90231289
1679875200,2023-03-27,19622079,29682378,102,2972146,,20539,37689186,89986430
1679961600,2023-03-28,19572828,29662893,102,2975258,,20621,37689188,89920890
1680048000,2023-03-29,19552032,29951983,102,2971980,,20580,37689188,90185865
1680134400,2023-03-30,19526987,30393522,102,2970478,,20547,37689188,90600824
1680220800,2023-03-31,19583430,30107725,103,2975595,,20601,37689188,90376642
1680307200,2023-04-01,19528340,29979340,102,2972614,,20580,37689188,90190164
1680393600,2023-04-02,19517281,29971724,102,2972614,,20580,37689188,90171489
1680480000,2023-04-03,19537492,29934642,102,2972557,,20560,37688994,90154347
1680566400,2023-04-04,19436229,30034981,102,2971401,,20548,37688996,90152257
1680652800,2023-04-05,19396764,29893811,102,2972146,,20560,37688401,89971784
1680739200,2023-04-06,19295503,29989037,102,2970151,,20558,37688404,89963755
1680825600,2023-04-07,19285126,29908034,102,2970151,,20580,37688404,89872397
1680912000,2023-04-08,19287038,29964094,102,2969193,,20580,37688404,89929411
1680998400,2023-04-09,19303451,30004548,103,2973286,,20621,37688404,89990413
1681084800,2023-04-10,19206665,29905938,102,2969478,,20560,37688413,89791156
1681171200,2023-04-11,19133080,29996154,102,2970186,,20621,37688418,89808561
1681257600,2023-04-12,19098322,30117218,102,2968623,,20580,37813852,90018697
1681344000,2023-04-13,19079519,30334576,103,2970267,,20601,37813878,90218944
1681430400,2023-04-14,19035406,30375932,103,2970267,,20580,37813878,90216166
1681516800,2023-04-15,19005611,30251257,103,2973237,,20601,37813878,90064687
1681603200,2023-04-16,18999637,30060290,102,2965267,,20551,37813878,89859725
1681689600,2023-04-17,18958671,30216535,102,2962221,,20451,37813879,89971859
1681776000,2023-04-18,18956146,29867847,102,2952714,,20541,37813880,89611230
1681862400,2023-04-19,18965306,30092262,102,2950378,,20530,37813880,89842458
1681948800,2023-04-20,19111396,30046914,102,2952623,,20551,37813887,89945473
1682035200,2023-04-21,19202410,30298473,102,2952887,,20542,37813890,90288304
1682121600,2023-04-22,19218402,30305396,102,2951412,,20560,37813897,90309769
1682208000,2023-04-23,19235167,30309765,102,2952265,,20560,37813897,90331756
1682294400,2023-04-24,19238725,30313920,102,2950187,,20501,37813899,90337334
1682380800,2023-04-25,19235317,30331801,102,2950740,,20560,37813899,90352419
1682467200,2023-04-26,19054775,30232642,102,2950767,,20472,37813900,90072658
1682553600,2023-04-27,19115222,30137800,103,2948819,,20621,37813902,90036467
1682640000,2023-04-28,19110013,30192525,102,2935680,,20580,37813898,90072798
1682726400,2023-04-29,19125366,30189531,102,2935785,,20552,37813898,90085234
1682812800,2023-04-30,19103034,30192196,102,2935785,,20560,37813920,90065597
1682899200,2023-05-01,19104521,30189807,102,2935788,,20765,37813921,90064904
1682985600,2023-05-02,19103843,30138245,102,2935640,,20601,37813924,90012355
1683072000,2023-05-03,19119748,30219802,102,2938750,,20560,37813924,90112886
1683158400,2023-05-04,19088871,30142499,102,2935350,,20551,37813924,90001297
1683244800,2023-05-05,19162000,30340296,102,2934109,,20560,37813924,90270991
1683331200,2023-05-06,19170343,30509184,102,2937307,,20580,37813924,90451440
1683417600,2023-05-07,19144461,30402866,102,2933841,,20546,37813924,90315740
1683504000,2023-05-08,19092781,30431540,102,2937043,,20547,37813924,90295937
1683590400,2023-05-09,19122815,30487125,102,2937324,,20560,37813931,90381857
1683676800,2023-05-10,19107143,30467345,103,2940262,,20622,37813931,90349406
1683763200,2023-05-11,19085355,30374966,102,2940265,,20534,37813931,90235153
1683849600,2023-05-12,19094116,30844940,102,2930618,,20527,37813934,90704237
1683936000,2023-05-13,19085734,30910908,102,2933120,,20539,37813934,90764337
1684022400,2023-05-14,19045415,30940858,102,2936068,,20560,37813934,90756937
1684108800,2023-05-15,19031658,30992756,102,2933134,,20518,37813933,90792101
1684195200,2023-05-16,19025538,31018947,102,2936068,,20581,37813933,90815169
1684281600,2023-05-17,19029978,30877564,102,2936064,,20533,37813933,90678174
1684368000,2023-05-18,18977016,30962321,102,2933132,,20533,37813933,90707037
1684454400,2023-05-19,18984940,30905335,102,2931561,,20540,37813933,90656411
1684540800,2023-05-20,18978945,30890431,102,2927724,,20536,37813932,90631670
1684627200,2023-05-21,18998330,30926390,102,2928636,,20536,37813932,90687926
1684713600,2023-05-22,18877707,30974365,102,2931565,,20519,37813945,90618203
1684800000,2023-05-23,18862793,30940170,102,2931565,,20540,37813945,90569115
1684886400,2023-05-24,18773812,30988737,102,2928211,,20528,37813945,90525335
1684972800,2023-05-25,18619691,31191173,102,2927566,,20488,37813946,90572966
1685059200,2023-05-26,18630312,31058565,102,2928219,,20530,37813947,90451675
1685145600,2023-05-27,18562507,30889529,102,2927747,,20517,37813947,90214349
1685232000,2023-05-28,18480188,30941599,102,2928423,,20540,37813947,90184799
1685318400,2023-05-29,18522039,30893472,103,2928416,,20519,37813947,90178496
1685404800,2023-05-30,18476419,30801326,102,2925246,,20540,37813947,90037580
1685491200,2023-05-31,18477991,30885244,102,2925571,,20528,37813947,90123383
1685577600,2023-06-01,18498913,30758969,102,2931375,,20529,37813947,90023835
1685664000,2023-06-02,18376015,30662395,102,2927943,,20529,37813947,89800931
1685750400,2023-06-03,18372381,30549402,102,2928447,,20540,37813948,89684820
1685836800,2023-06-04,18352367,30485967,102,2928435,,20540,37813948,89601359
1685923200,2023-06-05,18351078,30502214,102,2931375,,20536,37813948,89619253
1686009600,2023-06-06,18266798,30345483,102,2926356,,20529,37813950,89373218
1686096000,2023-06-07,18260697,30258267,102,2925969,,20535,37813951,89279521
1686182400,2023-06-08,18231197,30411316,102,2928451,,20538,37813952,89405556
1686268800,2023-06-09,18243258,30360091,102,2928184,,20518,37813952,89366105
1686355200,2023-06-10,18210863,30339972,102,2928252,,20525,,51499714
1686441600,2023-06-11,18233095,30359377,102,2928169,,20467,,51541210
1686528000,2023-06-12,18232768,30196767,102,2930525,,20531,,51380693
1686614400,2023-06-13,18190122,29793868,103,2927377,,20560,,50932030
1686700800,2023-06-14,18081367,29914202,102,2930323,,20560,,50946554
1686787200,2023-06-15,18094706,30031353,102,2924267,,20581,,51071009
1686873600,2023-06-16,19588860,29691060,102,2925514,,20581,,52226117
1686960000,2023-06-17,19611993,29584693,102,2926888,,511,,52124187
1687046400,2023-06-18,19682280,29620045,102,2926014,,511,,52228952
1687132800,2023-06-19,19675226,29621660,102,2925164,,511,,52222663
1687219200,2023-06-20,19681895,29501784,102,2921795,,512,,52106088
1687305600,2023-06-21,19737203,31645643,103,2926964,,512,,54310425
1687392000,2023-06-22,19599943,31770928,102,2924040,,511,,54295524
1687478400,2023-06-23,19493068,31565787,102,2921646,,510,37813958,91795071
1687564800,2023-06-24,19494550,31564373,102,2923994,,510,37813958,91797487
1687651200,2023-06-25,19348617,33800442,102,2924217,,509,37813957,93887844
1687737600,2023-06-26,19149048,33909032,103,2920828,,510,37813957,93793478
1687824000,2023-06-27,19027610,33700236,102,2928939,,509,37813951,93471347
1687910400,2023-06-28,19086263,33638058,103,2926016,,508,37813953,93464901
1687996800,2023-06-29,18945712,33413031,102,2922094,,509,37813955,93095403
1688083200,2023-06-30,18930830,33321153,102,2922499,,509,37813956,92989049
1688169600,2023-07-01,18855545,33287164,102,2921105,,509,37813957,92878382
1688256000,2023-07-02,18852242,33245418,102,2922728,,508,37813956,92834954
1688342400,2023-07-03,18860137,33302713,102,2923120,,509,37813956,92900537
1688428800,2023-07-04,18819894,33254976,102,2920740,,510,37813956,92810178
1688515200,2023-07-05,18959465,33258436,102,2922514,,510,37813956,92954983
1688601600,2023-07-06,18814622,33068997,102,2923131,,510,37813957,92621319
1688688000,2023-07-07,18812675,33006548,102,2919977,,509,37813957,92553768
1688774400,2023-07-08,18873692,33204513,102,2922777,,510,37813958,92815552
1688860800,2023-07-09,18870589,33189948,102,2922924,,510,37813957,92798030
1688947200,2023-07-10,18856217,33182619,102,2921458,,509,37813957,92774862
1689033600,2023-07-11,18862491,33158365,102,2921964,,509,37813957,92757388
1689120000,2023-07-12,18815940,33128482,102,2922197,,510,37813957,92681188
1689206400,2023-07-13,18819056,33006788,102,2923132,,509,37813957,92563544
1689292800,2023-07-14,18647887,32592397,102,2922222,,511,37813957,91977076
1689379200,2023-07-15,18597841,32581978,102,2921664,,510,37813956,91916051
1689465600,2023-07-16,18595640,32521909,102,2922226,,510,37813956,91854343
1689552000,2023-07-17,18576713,32285660,102,2925152,,510,37813956,91602093
1689638400,2023-07-18,18265362,31984360,102,2715664,,509,37813956,90779953
1689724800,2023-07-19,18159477,31935336,103,2715659,,510,37813956,90625041
1689811200,2023-07-20,18144732,31573138,102,2715642,,509,37813956,90248079
1689897600,2023-07-21,18141078,31560110,102,2715646,,509,37813960,90231405
1689984000,2023-07-22,18141251,31512305,102,2717922,,510,37813963,90186053
1690070400,2023-07-23,18212062,31513799,102,2715206,,510,37813963,90255642
1690156800,2023-07-24,18194107,31512411,102,2715136,,509,37813963,90236228
1690243200,2023-07-25,18184979,31463807,102,2712289,,509,37813963,90175649
1690329600,2023-07-26,18179921,31496214,102,2711557,,509,37813963,90202266
1690416000,2023-07-27,18197944,29440066,102,2715393,,509,37813963,88167977
1690502400,2023-07-28,18178732,29499710,102,2712677,,509,37813963,88205693
1690588800,2023-07-29,18177876,29498552,102,2711613,,510,37813963,88202616
1690675200,2023-07-30,18122090,29486205,102,2711890,,509,37813963,88134759
1690761600,2023-07-31,18127035,29454138,102,2712675,,509,37813986,88108445
1690848000,2023-08-01,18078504,29503780,102,2715388,,509,37813996,88112279
1690934400,2023-08-02,18067592,29377910,103,2718101,,511,37813996,87978213
1691020800,2023-08-03,18065461,29195472,102,2712680,,510,37813996,87788221
1691107200,2023-08-04,8209839,29005951,102,2712680,,510,37813996,77743078
1691193600,2023-08-05,7233308,27478247,102,2715401,,509,37813996,75241563
1691280000,2023-08-06,7708408,26994811,102,2711009,,510,37813996,75228836
1691366400,2023-08-07,7699671,26948555,102,2711528,,509,37813997,75174362
1691452800,2023-08-08,8249501,26363878,102,2711245,,509,37813997,75139232
1691539200,2023-08-09,8171808,26077316,103,2715393,,510,37813997,74779127
1691625600,2023-08-10,8055949,26071524,102,2712676,,510,37813997,74654758
1691712000,2023-08-11,8030045,26033117,102,2711977,,509,37813997,74589747
1691798400,2023-08-12,8028550,26157117,102,2709998,,509,37813997,74710273
1691884800,2023-08-13,8031895,26158526,102,2710833,,509,37813997,74715862
1691971200,2023-08-14,8031031,26184854,102,2710977,,509,37813997,74741470
1692057600,2023-08-15,8004019,26160713,102,2710524,,509,37813997,74689864
1692144000,2023-08-16,8000710,26171980,102,2710663,,509,37813997,74697961
1692230400,2023-08-17,8006428,26150711,102,2695128,,509,37813997,74666875
1692316800,2023-08-18,8033133,26185549,103,2698626,,509,37814003,74731923
1692403200,2023-08-19,8125347,26395672,102,2698275,,508,37813994,75033898
1692489600,2023-08-20,8066409,26487216,102,2698187,,509,37813991,75066414
1692576000,2023-08-21,8071712,26485038,102,2698203,,509,37813991,75069555
1692662400,2023-08-22,8044830,26528773,102,2696415,,509,37813991,75084620
1692748800,2023-08-23,8045670,26478536,102,2698229,,509,37838991,75062037
1692835200,2023-08-24,8023158,26220167,103,2697120,,510,37838991,74780049
1692921600,2023-08-25,8006187,26139758,102,2696435,,509,37838991,74681982
1693008000,2023-08-26,7997257,26147985,102,2698224,,509,37839077,74683154
1693094400,2023-08-27,7938683,26140261,102,2698073,,509,37838276,74615904
1693180800,2023-08-28,7941442,26143514,102,2696908,,510,37838276,74620752
1693267200,2023-08-29,7930709,26137927,102,2698173,,509,37838276,74605696
1693353600,2023-08-30,7893661,25953196,102,2696318,,510,37838276,74382063
1693440000,2023-08-31,7771775,25249028,102,2695979,,508,37838276,73555668
1693526400,2023-09-01,7629307,25148312,102,2696603,,509,37838276,73313109
1693612800,2023-09-02,7632178,25074346,102,2700906,,509,37838276,73246317
1693699200,2023-09-03,7633405,25043415,102,2698218,,509,37838276,73213925
1693785600,2023-09-04,7631387,25041382,102,2697770,,508,37838276,73209425
1693872000,2023-09-05,7629901,24969492,102,2695185,,509,37838276,73133465
1693958400,2023-09-06,7632297,24937523,102,2696973,,509,37838276,73105680
1694044800,2023-09-07,7629924,25048772,102,2696139,,509,37838276,73213722
1694131200,2023-09-08,7622731,25041131,103,2696976,,509,37838278,73199728
1694217600,2023-09-09,7624959,25015415,102,2694612,,509,37838279,73173876
1694304000,2023-09-10,7611190,24998161,102,2694367,,509,37838279,73142608
1694390400,2023-09-11,7619026,24998039,102,2699664,,508,37838280,73155619
1694476800,2023-09-12,7588171,25031466,102,2696978,,509,37837254,73154480
1694563200,2023-09-13,7409447,25065565,102,2693857,,509,37837254,73006734
1694649600,2023-09-14,7475178,25148412,102,2693978,,509,37837254,73155433
1694736000,2023-09-15,7441363,25249553,102,2692758,,509,37837254,73221539
1694822400,2023-09-16,7411460,25350606,102,2697074,,509,37837254,73297005
1694908800,2023-09-17,7411380,25280137,102,2697010,,509,37837254,73226392
1694995200,2023-09-18,7393388,25258413,102,2676098,,510,37837254,73165765
1695081600,2023-09-19,7342226,25194711,102,2676456,,510,37837254,73051259
1695168000,2023-09-20,7358100,25179571,102,2675036,,509,37837254,73050572
1695254400,2023-09-21,7302141,25358291,102,2676113,,508,37837253,73174408
1695340800,2023-09-22,7274299,25260354,102,2673865,,509,37837253,73046382
1695427200,2023-09-23,7270210,25363082,102,2689258,,510,37837253,73160415
1695513600,2023-09-24,7273625,25456377,102,2684527,,509,37837253,73252393
1695600000,2023-09-25,7122807,25511294,102,2686238,,509,37837253,73158203
1695686400,2023-09-26,7122730,25511092,102,2669768,,509,37837257,73141458
1695772800,2023-09-27,7104616,25367944,102,2668707,,509,37837262,72979140
1695859200,2023-09-28,6548129,25036337,102,2672665,,510,37837262,72095005
1695945600,2023-09-29,6463621,24966812,102,2669987,,509,37837262,71938293
1696032000,2023-09-30,6468682,24715993,102,2669456,,509,37837262,71692004
1696118400,2023-10-01,6474212,24717557,102,2670014,,509,37837269,71699663
1696204800,2023-10-02,6344869,24719541,102,2672914,,509,37837241,71575176
1696291200,2023-10-03,6340156,24698005,102,2667078,,509,37837241,71543091
1696377600,2023-10-04,6340719,24706392,102,2667186,,509,37837242,71552150
1696464000,2023-10-05,6333750,24635676,102,2667905,,509,37837243,71475185
1696550400,2023-10-06,6347550,25771120,103,2670448,,510,37837243,72626974
1696636800,2023-10-07,6352393,26652287,103,2667634,,509,37837243,73510169
1696723200,2023-10-08,6294520,24677251,102,2668720,,509,37837243,71478345
1696809600,2023-10-09,6301930,24645151,102,2664047,,508,37837243,71448981
1696896000,2023-10-10,6304763,24667730,102,2671671,,509,37837243,71482018
1696982400,2023-10-11,6294613,26702796,102,2547521,,510,37837243,73382785
1697068800,2023-10-12,6212134,26879796,102,2547998,,509,37837245,73477784
1697155200,2023-10-13,6207923,26166900,102,2548213,,509,37837245,72760892
1697241600,2023-10-14,6206372,26922493,102,2548366,,509,37837245,73515087
1697328000,2023-10-15,6208427,26933363,102,2549586,,509,37837245,73529232
1697414400,2023-10-16,6208308,26933695,102,2549199,,510,37837244,73529058
1697500800,2023-10-17,6209497,26692632,102,2546369,,509,37837244,73286353
1697587200,2023-10-18,6217816,27394136,102,2547955,,509,37837244,73997762
1697673600,2023-10-19,6224125,28132588,102,2548990,,510,37837245,74743560
1697760000,2023-10-20,6221957,28257435,102,2549624,,509,37837245,74866872
1697846400,2023-10-21,6230499,28052075,102,2550000,,509,37837246,74670431
1697932800,2023-10-22,6202741,28045602,103,2550754,,509,37837246,74636955
1698019200,2023-10-23,6202515,28056953,102,2547101,,509,37837246,74644426
1698105600,2023-10-24,6203523,28144646,102,2553290,,513,37837246,74739320
1698192000,2023-10-25,6125072,28060096,102,2548899,,508,37837246,74571923
1698278400,2023-10-26,6137329,27537572,102,2549185,,510,37837242,74061940
1698364800,2023-10-27,6130412,26872927,102,2549466,,509,37837242,73390658
1698451200,2023-10-28,6110619,26902704,102,2550696,,510,37837242,73401873
1698537600,2023-10-29,6144612,26899783,103,2547166,,510,37837242,73429416
1698624000,2023-10-30,6165619,26809119,103,2549291,,510,37837237,73361879
1698710400,2023-10-31,6164837,26690666,102,2550754,,510,37837238,73244107
1698796800,2023-11-01,6152104,26388003,102,2549771,,510,37837238,72927728
1698883200,2023-11-02,5905085,26683897,102,2550304,,511,37837233,72977132
1698969600,2023-11-03,5905169,25798386,102,2547810,,508,37837247,72089222
1699056000,2023-11-04,5876732,25983041,102,2549828,,509,37837243,72247455
1699142400,2023-11-05,5829517,25953333,102,2548379,,510,37837243,72169084
1699228800,2023-11-06,5820969,26038801,102,2553292,,510,37837227,72250901
1699315200,2023-11-07,5800866,25913662,102,2546232,,509,37837301,72098672
1699401600,2023-11-08,5805701,26306535,102,2546950,,509,37837306,72497103
1699488000,2023-11-09,5785174,26271567,102,2550806,,509,37837306,72445464
1699574400,2023-11-10,5779690,26305711,102,2550384,,509,37837308,72473704
1699660800,2023-11-11,5770312,26357162,102,2550291,,510,37837303,72515680
1699747200,2023-11-12,5763392,26354669,102,2545100,,507,37837306,72501076
1699833600,2023-11-13,5764340,26285599,102,2544908,,509,37837306,72432764
1699920000,2023-11-14,5496408,26289404,102,2549336,,509,37837306,72173065
1700006400,2023-11-15,5480470,26365686,102,2549066,,510,37837306,72233140
1700092800,2023-11-16,5479419,27382006,102,2548308,,509,37837306,73247650
1700179200,2023-11-17,5485917,26289725,103,2552365,,510,37837306,72165926
1700265600,2023-11-18,4839490,26498291,102,2548778,,508,37837306,71724475
1700352000,2023-11-19,4867736,26666611,102,2546842,,509,37837306,71919106
1700438400,2023-11-20,4811989,26627057,102,2548781,,508,37837306,71825743
1700524800,2023-11-21,4799008,26680561,102,2549801,,510,37837287,71867269
1700611200,2023-11-22,4834539,26755182,102,2552372,,510,37837293,71979998
1700697600,2023-11-23,4829903,27450752,102,2544289,,508,37837293,72662847
1700784000,2023-11-24,4931786,26835920,102,2549603,,509,37837293,72155213
1700870400,2023-11-25,4940651,27332165,102,2546780,,510,37837293,72657501
1700956800,2023-11-26,4900592,27293919,102,2544433,,509,37837293,72576848
1701043200,2023-11-27,4896159,27345521,102,2541820,,509,37837293,72621404
1701129600,2023-11-28,4899298,27681210,102,2542738,,509,37837293,72961150
1701216000,2023-11-29,4900085,27033674,102,2543961,,509,37837293,72315624
1701302400,2023-11-30,4899936,26421541,102,2540035,,508,37837293,71699415
1701388800,2023-12-01,4895682,26384535,102,2545576,,509,37837292,71663696
1701475200,2023-12-02,4892642,23633835,102,2540277,,509,37837292,68904657
1701561600,2023-12-03,4891183,23673957,102,2515569,,509,37837292,68918612
1701648000,2023-12-04,4895818,23635139,102,2517579,,509,37837292,68886439
1701734400,2023-12-05,4772100,24002912,102,2508417,,508,37837395,69121434
1701820800,2023-12-06,5005262,23835393,102,2508520,,508,37837400,69187185
1701907200,2023-12-07,4898282,23941904,102,2518191,,509,37837407,69196395
1701993600,2023-12-08,4914324,24459257,102,2512626,,509,37837411,69724229
1702080000,2023-12-09,4907803,23695244,102,2515739,,510,37837410,68956808
1702166400,2023-12-10,4855245,23668624,102,2513060,,509,37837453,68874993
1702252800,2023-12-11,4869601,23660094,102,2516937,,509,37837453,68884696
1702339200,2023-12-12,4880810,23697781,103,2515828,,512,37837455,68932489
1702425600,2023-12-13,4832522,23844822,103,2512890,,508,37837455,69028300
1702512000,2023-12-14,4771382,23912322,102,2509158,,509,37837458,69030931
1702598400,2023-12-15,4738467,24379028,102,2509715,,510,37837465,69465287
1702684800,2023-12-16,4728162,26321271,100,2511918,,508,37833167,71395126
1702771200,2023-12-17,4679146,26355821,101,2513239,,508,37833166,71381981
1702857600,2023-12-18,4679891,26414315,102,2513707,,509,37833166,71441690
1702944000,2023-12-19,4683481,25624189,102,2513199,,509,37833169,70654649
1703030400,2023-12-20,4691005,25259500,102,2514864,,511,37833167,70299149
1703116800,2023-12-21,4705599,24708370,103,2515677,,511,37833160,69763420
1703203200,2023-12-22,4685484,24011553,102,2514771,,510,37833163,69045583
1703289600,2023-12-23,4678759,24168685,102,2515124,,510,37833215,69196395
1703376000,2023-12-24,4601390,24160093,102,2516898,,510,37833208,69112201
1703462400,2023-12-25,4593724,24103524,103,2514144,,508,37829979,69041982
1703548800,2023-12-26,4546864,24241313,102,2341262,,508,37829983,68960032
1703635200,2023-12-27,4508794,24511215,103,2342301,,509,37829983,69192905
1703721600,2023-12-28,4542434,25760755,103,2344555,,512,37829983,70478342
1703808000,2023-12-29,4511756,25362145,102,2341131,,510,37830006,70045650
1703894400,2023-12-30,4517672,25213260,103,2173549,,510,37830006,69735100
1703980800,2023-12-31,4518620,25185149,102,2168721,,510,37830006,69703108
1704067200,2024-01-01,4510111,25105585,103,2171324,,508,37830594,69618225
1704153600,2024-01-02,4475213,25104317,103,2168450,,510,37830568,69579161
1704240000,2024-01-03,4488519,25040444,102,2167945,,508,37830564,69528082
1704326400,2024-01-04,4418179,24958447,102,2167866,,508,37830567,69375669
1704412800,2024-01-05,4420481,25253364,103,2170838,,511,37830567,69675864
1704499200,2024-01-06,4417122,25216975,104,2169484,,510,37830567,69634762
1704585600,2024-01-07,4452023,25243244,102,2168192,,510,37830574,69694645
1704672000,2024-01-08,4457121,25268263,103,2162146,,508,37830574,69718715
1704758400,2024-01-09,4428423,25015281,102,2154067,,507,37830594,69428974
1704844800,2024-01-10,4363157,25035475,102,2155955,,507,37830600,69385796
1704931200,2024-01-11,4374232,25092790,102,2154473,,508,37830598,69452703
1705017600,2024-01-12,4380374,25024798,102,2161097,,509,37830598,69397478
1705104000,2024-01-13,4378539,26911821,,2153660,,506,37830598,71275124
1705190400,2024-01-14,4366984,28894998,102,2154426,,507,37830598,73247615
1705276800,2024-01-15,4371659,28988776,102,2155655,,509,37830601,73347302
1705363200,2024-01-16,4377889,28956753,103,2157477,,503,37830601,73323326
1705449600,2024-01-17,4380355,28692402,102,2156792,,504,37830603,73060758
1705536000,2024-01-18,4377856,28606064,102,2157112,,501,37830607,72972242
1705622400,2024-01-19,4349004,28610694,103,2154371,,503,37830608,72945283
1705708800,2024-01-20,4597978,28931930,103,2158215,,502,37830608,73519336
1705795200,2024-01-21,4540295,28891782,103,2158328,,504,37830607,73421619
1705881600,2024-01-22,4498724,28890288,102,2156663,,503,37830607,73376887
1705968000,2024-01-23,4520658,28949147,102,2158675,,501,37830611,73459694
1706054400,2024-01-24,19528185,28882731,103,2160872,,501,37830625,88403017
1706140800,2024-01-25,19502808,28984812,102,2155808,,502,37830625,88474657
1706227200,2024-01-26,19518764,29032627,102,2158167,,501,37830630,88540791
1706313600,2024-01-27,19507960,29476659,102,2158353,,504,37830653,88974231
1706400000,2024-01-28,19509310,29266417,102,2153999,,504,37830652,88760984
1706486400,2024-01-29,19467636,29219490,102,2153784,,505,37830654,88672171
1706572800,2024-01-30,19467550,29001406,102,2156482,,505,37830654,88456699
1706659200,2024-01-31,19448841,28515115,102,2156894,,504,37830654,87952110
1706745600,2024-02-01,19268202,28332218,102,2154563,,502,37830660,87586247
1706832000,2024-02-02,19328016,27859094,103,2155711,,504,37830664,87174092
1706918400,2024-02-03,19258073,28816503,102,2160687,,504,37830664,88066533
1707004800,2024-02-04,19244640,28814093,102,2158100,,503,37830664,88048102
1707091200,2024-02-05,19247564,28812366,102,2157583,,502,37830664,88048781
1707177600,2024-02-06,19226942,28083736,102,2157054,,500,37830664,87298998
1707264000,2024-02-07,19244957,28149039,102,2160838,,502,37830663,87386101
1707350400,2024-02-08,19228112,29135054,102,2165155,,504,37830662,88359589
1707436800,2024-02-09,19226643,28611883,103,2158703,,500,37830662,87828494
1707523200,2024-02-10,19135939,28643643,102,2158656,,501,37830664,87769505
1707609600,2024-02-11,19146941,28669162,102,2158650,,502,37830664,87806021
1707696000,2024-02-12,19150884,28579929,103,2160808,,503,37830664,87722891
1707782400,2024-02-13,19131679,28542966,103,2158650,,501,37830664,87664563
1707868800,2024-02-14,19099571,28511125,102,2156953,,503,37830664,87598918
1707955200,2024-02-15,19165961,28738126,103,2165135,,506,37830664,87900495
1708041600,2024-02-16,19085020,33829494,103,2154607,,500,37830667,92900391
1708128000,2024-02-17,19051403,33698275,103,2157906,,498,37830728,92738913
1708214400,2024-02-18,19051043,33783483,103,2156177,,497,37830735,92822038
1708300800,2024-02-19,19026396,33746277,103,2155631,,500,37830735,92759642
1708387200,2024-02-20,19020976,33605884,102,2156521,,498,37830735,92614716
1708473600,2024-02-21,19024287,33410445,102,2157263,,497,37830735,92423329
1708560000,2024-02-22,19009257,33342182,102,2153810,,496,37830849,92336696
1708646400,2024-02-23,19016717,33088637,103,2157171,,497,37830849,92093974
1708732800,2024-02-24,19023185,38368979,103,2156693,,498,37830849,97380307
1708819200,2024-02-25,19011802,37811509,102,2152278,,496,37830849,96807036
1708905600,2024-02-26,18966698,37748822,103,2157009,,497,37830852,96703981
1708992000,2024-02-27,18957369,38916660,102,2156214,,498,37830852,97861695
1709078400,2024-02-28,18966682,39389211,103,2156818,,494,37830852,98344160
1709164800,2024-02-29,18933913,38231315,102,2154233,,492,37830852,97150907
1709251200,2024-03-01,18949550,37673536,103,2159523,,511,37830852,96614075
1709337600,2024-03-02,33959423,38443797,103,2159523,,510,37830852,112394208
1709424000,2024-03-03,33908881,38320923,102,2154912,,510,37830852,112216180
1709510400,2024-03-04,33916863,38433477,103,2161653,,511,37830852,112343459
1709596800,2024-03-05,33946495,40078957,102,2153165,,509,37830852,114010080
1709683200,2024-03-06,33916563,39334905,102,2143509,,512,37830852,113226443
1709769600,2024-03-07,33901620,39370086,102,2141383,,510,37830872,113244573
1709856000,2024-03-08,34069076,39584334,103,2149660,,510,37830865,113634548
1709942400,2024-03-09,34073096,74878048,103,2147515,,511,37830865,148930138
1710028800,2024-03-10,33992779,75306312,103,2147515,,511,37831397,149278617
1710115200,2024-03-11,33831920,75215241,103,2144743,,510,37831397,149023914
1710201600,2024-03-12,33825599,75180180,104,2143786,,511,37831688,148981868
1710288000,2024-03-13,33935163,75364871,104,2144210,,510,37831688,149276546
1710374400,2024-03-14,34040814,76606565,107,2144924,,511,37831688,150624609
1710460800,2024-03-15,34272212,76959486,105,2151359,,514,37831688,151215364
1710547200,2024-03-16,34982200,76368953,106,2144302,,511,37831703,151327775
1710633600,2024-03-17,35352502,75784855,103,2142084,,509,37831708,151111761
1710720000,2024-03-18,35305169,75703184,102,2142771,,510,37831708,150983444
1710806400,2024-03-19,35329254,75678623,102,2143009,,511,37831712,150983211
1710892800,2024-03-20,35468361,75869692,102,2143897,,511,37831716,151314279
1710979200,2024-03-21,35322720,75416853,102,2007073,,514,37831716,150578978
1711065600,2024-03-22,35731110,75638660,103,2010512,,511,37831716,151212612
1711152000,2024-03-23,35658326,75595924,102,2009507,,513,37831716,151096088
1711238400,2024-03-24,35709649,75628663,103,2032486,,515,37831716,151203132
1711324800,2024-03-25,35417786,75549763,102,2031165,,523,37831716,150831055
1711411200,2024-03-26,85404414,76757968,102,2031552,,521,37831716,202026273
1711497600,2024-03-27,85514635,75947655,103,2039584,,521,37831716,201334214
1711584000,2024-03-28,85631392,81804081,103,2043784,,510,37831716,207311586
1711670400,2024-03-29,86099558,81748776,103,2035819,,510,37831716,207716482
1711756800,2024-03-30,86081936,81653062,103,2037202,,510,37831712,207604525
1711843200,2024-03-31,86137302,81844636,103,2038190,,510,37831712,207852453
1711929600,2024-04-01,86060633,80653686,103,2036654,,509,37831712,206583297
1712016000,2024-04-02,86006967,80493957,102,2037853,,509,37831712,206371100
1712102400,2024-04-03,85950928,80785142,102,2035084,,508,37831712,206603476
1712188800,2024-04-04,86134129,80958154,103,2035508,,510,37831712,206960116
1712275200,2024-04-05,86048657,80724339,103,2039753,,510,37831712,206645074
1712361600,2024-04-06,86120148,80849570,103,2038550,5619019,511,37831712,212459613
1712448000,2024-04-07,85959564,80708619,103,2037385,5603231,509,37831712,212141123
1712534400,2024-04-08,85907872,80600120,102,2039363,5611340,509,37831712,211991018
1712620800,2024-04-09,85880815,80767550,103,2035100,5609654,508,37831712,212125442
1712707200,2024-04-10,85908713,80219581,103,2039753,5620339,510,37831712,211620711
1712793600,2024-04-11,85912014,80219861,102,2039741,5616262,509,37831712,211620201
1712880000,2024-04-12,85938176,83705516,102,2039190,5598899,510,37831707,215114100
1712966400,2024-04-13,85932153,83556980,102,2037943,5603224,509,37831707,214962618
1713052800,2024-04-14,85868174,83377629,103,2039615,5608934,508,37831707,214726670
1713139200,2024-04-15,85895025,83688060,102,2039055,5480173,509,37831707,214934631
1713225600,2024-04-16,136039631,84370271,103,2035251,5460616,508,37831707,265738087
1713312000,2024-04-17,136011897,87294288,102,2038323,5478865,509,37831707,268655691
1713398400,2024-04-18,137745572,90599110,103,2032394,5467794,509,37831707,273677189
1713484800,2024-04-19,137900541,106033827,102,2035056,5478256,510,37831707,289279999
1713571200,2024-04-20,137765333,105940537,103,2035056,5471145,510,37831707,289044391
1713657600,2024-04-21,137770333,112793278,102,2033005,5470026,510,37831707,295898961
1713744000,2024-04-22,137697250,126200474,103,2098982,5475388,509,37831707,309304413
1713830400,2024-04-23,135812398,122183331,103,2032326,5488614,511,37835594,303352877
1713916800,2024-04-24,136126663,140771926,103,2032719,5478388,511,37835594,322245904
1714003200,2024-04-25,136168199,140792200,103,2033025,4854391,510,37835594,321684022
1714089600,2024-04-26,136146273,140932992,103,2031085,4826704,509,37835594,321773260
1714176000,2024-04-27,136019350,140553557,102,2030465,4600666,508,37835594,321040242
1714262400,2024-04-28,136126613,149669109,102,2030850,4618507,509,37835594,330281284
1714348800,2024-04-29,136212031,159660986,102,2030683,4626512,509,37835594,340366417
1714435200,2024-04-30,136205852,164479846,102,2031814,4613626,508,37835594,345167342
1714521600,2024-05-01,136281373,167426156,102,2030721,4623215,510,37835594,348197671
1714608000,2024-05-02,136128010,167099029,102,2032072,4607680,507,37835594,347702994
1714694400,2024-05-03,136217559,172167906,102,2029167,4620857,509,37835595,352871695
1714780800,2024-05-04,136381818,173136248,103,2031712,4624101,510,37835595,354010087
1714867200,2024-05-05,136446687,181137816,102,2029955,4617390,509,37835595,362068054
1714953600,2024-05-06,136433218,181386476,102,2032848,4618959,509,37835595,362307707
1715040000,2024-05-07,186689576,182037074,102,2031306,4642030,511,37835595,413236194
1715126400,2024-05-08,186582189,181332258,102,2021818,4594523,509,37835595,412366994
1715212800,2024-05-09,186512512,181450574,103,2032314,4620297,509,37835340,412451649
1715299200,2024-05-10,186639296,191456583,102,2034859,4619908,510,37835340,422586598
1715385600,2024-05-11,186519048,191405662,102,2029972,4615460,509,37835340,422406093
1715472000,2024-05-12,186656812,202328816,102,2031763,4619788,509,37835340,433473130
1715558400,2024-05-13,186631950,207458747,102,2032645,4562329,509,37835348,438521630
1715644800,2024-05-14,186675229,207341810,102,2031477,4628146,510,37835348,438512622
1715731200,2024-05-15,186637443,207028978,103,2031934,4634085,509,37835348,438168400
1715817600,2024-05-16,186668042,206775746,102,2031800,4631977,510,37835396,437943573
1715904000,2024-05-17,186852059,216839182,102,2032847,4638328,510,37835396,448198424
1715990400,2024-05-18,186916537,215922204,103,2032664,4635283,510,37835396,447342697
1716076800,2024-05-19,186923917,221066227,103,2032847,4633017,510,37835396,452492017
1716163200,2024-05-20,186930155,221048855,102,2031727,4632502,510,37835396,452479247
1716249600,2024-05-21,186947541,213185868,103,2032632,4631796,511,37835402,444633853
1716336000,2024-05-22,186919620,218147274,103,2032826,4632896,510,37835400,449568629
1716422400,2024-05-23,186943883,217862529,102,2034857,4637014,510,37835401,449314296
1716508800,2024-05-24,187018740,223041403,102,2034878,4634656,510,37835401,454565690
1716595200,2024-05-25,186990129,228040714,103,2032379,4633467,509,37835401,459532702
1716681600,2024-05-26,187048441,227922587,102,2030434,4631049,509,37835401,459468523
1716768000,2024-05-27,187000389,231827140,103,2032176,4631587,509,37835401,463327305
1716854400,2024-05-28,186853154,231733525,103,2031831,4632915,509,37835401,463087438
1716940800,2024-05-29,186764208,239558808,102,2032787,4632042,509,37835401,470823857
1717027200,2024-05-30,186911820,239634818,102,2032080,4628622,509,37835401,471043352
1717113600,2024-05-31,187024107,239542987,103,2032744,4630919,509,37835401,471066770
1717200000,2024-06-01,187038403,239280876,102,2032894,4631856,509,37835401,470820041
1717286400,2024-06-02,187130607,239673310,102,2032709,4630854,509,37835407,471303498
1717372800,2024-06-03,187228509,239663456,102,2031507,4631754,509,37835407,471391244
1717459200,2024-06-04,186765705,244633492,102,2032892,4631675,509,37835407,475899782
1717545600,2024-06-05,186744527,244982462,102,2031804,4629493,510,37835407,476224305
1717632000,2024-06-06,186749220,250284726,102,2031812,4638769,510,37835407,481540546
1717718400,2024-06-07,186740274,252296846,102,2032174,4633811,510,37835407,483539124
1717804800,2024-06-08,186718813,251612389,102,2031341,4633370,510,37835407,482831932
1717891200,2024-06-09,186711185,256576688,102,2031532,4646269,509,37835407,487801692
1717977600,2024-06-10,186869680,261579046,102,2032295,4648146,509,37835407,492965185
1718064000,2024-06-11,186819088,264086714,102,2034748,4645561,509,37835407,495422129
1718150400,2024-06-12,186736825,269071416,102,2034780,4649147,509,37835413,500328192
1718236800,2024-06-13,186560285,268901125,100,2032756,4646246,508,37835410,499976430
1718323200,2024-06-14,186495497,268774531,102,2030358,4557312,508,37835419,499693727
1718409600,2024-06-15,186593176,269264403,102,2030832,4402279,509,37835425,500126726
1718496000,2024-06-16,186540595,274262514,101,2030908,4399126,508,37835425,505069177
1718582400,2024-06-17,186649053,279208613,101,2030755,4395582,508,37835425,510120037
1718668800,2024-06-18,186614212,288067724,103,2031287,4314488,508,37835433,518863755
1718755200,2024-06-19,186550831,292835565,100,2029818,4309372,507,37835445,523561638
1718841600,2024-06-20,186532635,292915423,97,2028775,4311625,508,37835445,523624508
1718928000,2024-06-21,186568061,292922754,96,2031618,4314830,509,37835445,523673313
1719014400,2024-06-22,186635731,297968067,99,2031533,4314216,509,37835445,528785600
1719100800,2024-06-23,186530852,302908612,96,2030586,4311448,508,37835445,533617547
1719187200,2024-06-24,186468130,307742309,102,2029989,4311076,508,37835448,538387562
1719273600,2024-06-25,186689405,314966532,102,2032312,4314661,509,37835450,545838971
1719360000,2024-06-26,186641356,322394788,102,2032312,4312862,509,37835460,553217389
1719446400,2024-06-27,186602892,326653029,102,2077818,4312347,508,37835462,557482158
1719532800,2024-06-28,186509645,330687257,102,2075277,4311297,508,37835465,561419551
1719619200,2024-06-29,186615546,329451114,102,2074347,4306539,508,37835467,560283623
1719705600,2024-06-30,186729448,329897222,102,2075906,4321569,509,37835467,560860223
1719792000,2024-07-01,186828645,329519357,102,2078969,4308497,509,37835467,560571546
1719878400,2024-07-02,186786760,334928086,102,2078254,4373275,509,37835467,566002453
1719964800,2024-07-03,186884068,339953069,102,2082056,4371057,509,37835467,571126328
1720051200,2024-07-04,186775272,344707010,101,2077881,4362046,508,37835473,575758291
1720137600,2024-07-05,187191002,345463360,101,2078968,4590143,510,37835482,577159566
1720224000,2024-07-06,237006605,351138533,103,2078337,4589807,510,37835482,632649377
1720310400,2024-07-07,236906815,349947725,100,2076365,4685834,509,37835482,631452830
1720396800,2024-07-08,236938749,350210200,103,2075935,4690378,509,37835483,631751357
1720483200,2024-07-09,236831441,351338036,101,2060407,4681526,509,37835483,632747503
1720569600,2024-07-10,237019401,348264222,102,2079228,4693031,509,37835483,629891976
1720656000,2024-07-11,237035102,352378244,102,2079136,4570888,509,37835477,633899458
1720742400,2024-07-12,237065518,362131976,103,2079649,4570618,509,37835472,643683845
1720915200,2024-07-14,237047116,361833611,102,2078607,4566387,509,37835472,643361804
1721001600,2024-07-15,237274146,361842342,105,2079285,4572731,509,37835466,643604584
1721088000,2024-07-16,237264970,361860906,102,2079987,4640629,510,37835463,643682567
1721174400,2024-07-17,237020573,371910928,100,2079071,4628480,509,37835456,653475117
1721260800,2024-07-18,236981345,371891275,96,2078250,6124662,509,37835453,654911590
1721347200,2024-07-19,237021762,383327877,101,2077977,6129366,510,37835453,666393046
1721433600,2024-07-20,237731701,382765895,102,2082067,6343789,511,37835434,666759499
1721520000,2024-07-21,237000590,383716744,103,2079169,6337034,510,37835433,666969583
1721606400,2024-07-22,237232668,393830433,103,2078601,6326977,510,37835429,677304721
1721692800,2024-07-23,336994389,404535580,102,2079666,6329561,510,37835424,787775232
1721779200,2024-07-24,336882975,412826092,100,2076105,5224442,510,37835419,794845643
1721865600,2024-07-25,336910084,412608510,102,2079997,5284257,510,37835413,794718873
1721952000,2024-07-26,336901144,412445121,102,2079773,5375355,510,37835351,794637356
1722038400,2024-07-27,336796914,412484507,103,2059433,5371209,510,37835332,794548008
1722124800,2024-07-28,336919338,412521229,102,2062567,5240885,509,37835316,794579946
1722211200,2024-07-29,336918536,412509210,102,2062567,5166637,509,37835313,794492874
1722297600,2024-07-30,336945990,412412095,101,2061436,5169702,509,37835303,794425136
1722384000,2024-07-31,336941760,412657549,97,2062567,5176508,511,37835303,794674295
1722470400,2024-08-01,337277559,411833180,102,2062102,5079780,509,37835303,794088535
1722556800,2024-08-02,337277766,411729987,102,2062111,5079780,509,37835085,793985340
1722643200,2024-08-03,337271636,412413423,102,2062111,5049189,509,37835075,794632045
1722729600,2024-08-04,337278673,412398749,102,2062113,4968890,509,37835075,794544111
1722816000,2024-08-05,337279272,412360766,102,2062122,4968890,509,37835075,794506736
1722902400,2024-08-06,337306246,412441376,103,2062054,4966881,509,37835078,794612247
1722988800,2024-08-07,336913234,412447524,102,2061920,4970206,511,37833527,794227024
1723075200,2024-08-08,338494142,264046176,102,2073782,5003651,513,37833496,647451862
1723161600,2024-08-09,336802811,210473919,102,2062292,4969887,510,37833479,592143000
1723248000,2024-08-10,335464204,226504123,102,2063445,4966971,509,37834189,606833543
1723334400,2024-08-11,334892890,240553618,102,2061890,4965317,509,37834082,620308408
1723420800,2024-08-12,335797159,241343678,103,2065501,4967943,510,37834082,622008976
1723507200,2024-08-13,335456642,241117190,102,2062828,4965826,509,37834082,621437179
1723593600,2024-08-14,335448023,240977708,103,2061147,4969130,510,37834082,621290703
1723680000,2024-08-15,335792862,260904528,102,2062963,4967371,510,37834082,641562418
1723766400,2024-08-16,335428891,260920914,102,2062395,4118676,509,37834082,640365569
1723852800,2024-08-17,335457789,261609969,102,2062729,4122067,509,37834082,641087247
1723939200,2024-08-18,335457766,261004440,102,2062006,4118808,509,37834082,640477713
1724025600,2024-08-19,335455752,260973958,102,2060625,4129188,510,37834082,640454217
1724112000,2024-08-20,335449746,261032264,102,2065825,4121479,509,37834082,640504007
1724198400,2024-08-21,335230088,264746334,102,2066447,4119565,509,37834082,643997127
1724284800,2024-08-22,335164210,264990130,102,2065798,4122278,509,37834078,644177105
1724371200,2024-08-23,335266459,270206152,102,2068716,4123551,508,37834078,649499566
1724457600,2024-08-24,335013931,275961514,102,2066584,4120475,510,37834062,654997178
1724544000,2024-08-25,335584859,275921050,102,2066628,4122431,510,37834052,655529632
1724630400,2024-08-26,335199059,275613601,102,2064660,4069014,510,37834052,654780998
1724716800,2024-08-27,335050686,281437068,102,2060992,4075968,510,37834052,660459378
1724803200,2024-08-28,335581652,283038592,103,2064184,4076642,510,37834047,662595730
1724889600,2024-08-29,335207188,283428340,102,2064345,4072221,509,37834042,662606747
1724976000,2024-08-30,335216327,282630980,102,2064651,4072520,510,37834042,661819132
1725062400,2024-08-31,335255695,282681462,102,2063701,4252710,509,37834042,662088221
1725148800,2024-09-01,334729207,282193257,101,2060319,4256398,509,37834040,661073831
1725235200,2024-09-02,335594190,282965323,102,2066732,4257107,509,37834040,662718003
1725321600,2024-09-03,335137069,282245976,102,2063979,4252915,509,37834040,661534590
1725408000,2024-09-04,335261171,282128712,102,2064678,4254584,509,37834042,661543798
1725494400,2024-09-05,335252264,282175973,102,2064583,4213026,509,37834044,661540501
1725580800,2024-09-06,335224960,282175973,102,2064705,4214773,509,37834044,661515066
1725667200,2024-09-07,335163068,287387850,102,2066794,4218092,509,37834043,666670458
1725753600,2024-09-08,335042947,294260151,102,2061457,4202731,508,37834041,673401937
1725840000,2024-09-09,335283139,294288112,103,2064172,4216502,509,37834043,673686580
1725926400,2024-09-10,435718092,295621959,101,2066864,4216054,510,37834037,775457617
1726012800,2024-09-11,435283205,150931083,102,2064087,4210879,510,37834037,630323903
1726099200,2024-09-12,435216165,169911703,102,2064812,4217060,509,37834036,649244387
1726185600,2024-09-13,435243768,169768611,102,2064795,4224586,510,37834038,649136410
1726272000,2024-09-14,435280517,191481114,102,2064620,4215403,509,37833217,670875482
1726358400,2024-09-15,435280714,191505403,102,2064384,4214164,509,37833217,670898493
1726444800,2024-09-16,435716307,191510994,102,2064795,4217140,509,37833217,671343064
1726531200,2024-09-17,435131745,191125166,102,2064446,4213910,509,37833217,670369095
1726617600,2024-09-18,435176230.78,190621678.53,102.05,2064261.96,4216404.78,509.3,37833217.32,669912404.7199999