Timestamp,Date,USDT,KUSD,USDTZ,UUSD,EURL,VEUR,Total
1660521600,2022-08-15,40612102,,,,,,40612102
1660608000,2022-08-16,40612723,,,,,,40612723
1660694400,2022-08-17,40605888,1700670,822083,,,,43128641
1660780800,2022-08-18,40604594,1698299,802535,2584351,,,45689779
1660867200,2022-08-19,50783004,1655039,792899,2512255,5735135,,61478332
1660953600,2022-08-20,50781379,1678216,816302,2612087,5655286,,61543270
1661040000,2022-08-21,50785880,1678129,813572,2618951,5655286,,61551818
1661126400,2022-08-22,50780036,1661581,806048,2600666,5600223,,61448554
1661212800,2022-08-23,50773739,1662152,808239,2604923,5202691,,61051744
1661299200,2022-08-24,50774064,1625628,801915,2554989,5202691,,60959287
1661385600,2022-08-25,60784823,1643986,803879,2586413,5218353,,71037454
1661472000,2022-08-26,60777930,1651251,806723,2618546,5218353,,71072803
1661558400,2022-08-27,60781856,1655104,805405,2612012,5216679,,71071056
1661644800,2022-08-28,60787458,1612455,795915,2559422,5216679,,70971929
1661731200,2022-08-29,60779885,1617010,804558,2579573,5216679,,70997705
1661817600,2022-08-30,60777930,1591680,784681,2567374,5240628,,70962293
1661904000,2022-08-31,60781441,1606997,796876,2617061,5240628,,71043003
1661990400,2022-09-01,60779758,1584747,783658,2573912,5209743,,70931818
1662076800,2022-09-02,60779914,1602177,787387,2611935,5209743,,70991156
1662163200,2022-09-03,60778446,1594219,784757,2596766,5209743,,70963931
1662249600,2022-09-04,60780649,1595239,791943,2613766,5210397,,70991994
1662336000,2022-09-05,60777930,1591995,794830,2603194,5209323,,70977272
1662422400,2022-09-06,60775541,1602880,799663,2636147,5209323,,71023554
1662508800,2022-09-07,60779934,1554634,778373,2533735,5209323,,70855999
1662595200,2022-09-08,60780043,1570642,778607,2556464,5234131,,70919887
1662681600,2022-09-09,60782257,1589964,797494,2608365,5234131,,71012211
1662768000,2022-09-10,60788062,1582398,798743,2591221,5314311,,71074735
1662854400,2022-09-11,60800834,1589414,797085,2586360,5314311,,71088004
1662940800,2022-09-12,60795302,1574630,782552,2552682,5314311,,71019477
1663027200,2022-09-13,60781656,1550033,776113,2521663,5302716,,70932181
1663113600,2022-09-14,60792516,1579447,789963,2558145,5225625,,70945696
1663200000,2022-09-15,60780223,1543406,790831,2546990,5225625,,70887075
1663286400,2022-09-16,60780707,1540465,779182,2541154,5225625,,70867133
1663372800,2022-09-17,60780516,1547482,785575,2546560,5243447,,70903580
1663459200,2022-09-18,60778002,1548907,790344,2549650,5243447,,70910350
1663545600,2022-09-19,60780516,1556236,798628,2575791,5250815,,70961986
1663632000,2022-09-20,60783202,1558250,798223,2589473,5150513,,70879661
1663718400,2022-09-21,60784081,1565048,795307,2527804,5150513,,70822753
1663804800,2022-09-22,60785754,1562088,797126,2544159,5048524,,70737651
1663891200,2022-09-23,60778018,1577463,804146,2548365,4976841,,70684833
1663977600,2022-09-24,60777516,1551479,794133,2528675,4976841,,70628644
1664064000,2022-09-25,60778385,1564941,790207,2512650,4976841,,70623024
1664150400,2022-09-26,60780412,1570827,792085,2532821,4973553,,70649698
1664236800,2022-09-27,60777930,1617793,803539,2564062,4973553,,70736877
1664323200,2022-09-28,60777044,1604329,794041,2542200,4984300,,70701914
1664409600,2022-09-29,60774641,1617976,804285,2819109,4984300,,71000311
1664496000,2022-09-30,60780613,1598297,791506,4581257,4994006,,72745679
1664582400,2022-10-01,60781482,1611562,795142,4799847,5043129,,73031162
1664668800,2022-10-02,60782054,1575140,790565,4794358,5043129,,72985246
1664755200,2022-10-03,60777930,1583835,802212,4792479,5059360,,73015816
1664841600,2022-10-04,60780591,1574414,799360,5015931,5059360,,73229656
1664928000,2022-10-05,60793025,1577483,802351,5973349,5059360,,74205568
1665014400,2022-10-06,60787527,1574454,791039,5891447,5099780,,74144247
1665100800,2022-10-07,60785597,1571724,792077,7900269,5099780,,76149447
1665187200,2022-10-08,60777930,1586077,801675,7969001,5013804,,76148487
1665273600,2022-10-09,60786778,1593997,701644,7908207,5013804,,76004430
1665360000,2022-10-10,60785302,1629419,702381,7950639,5013804,,76081545
1665446400,2022-10-11,60780780,1573905,682148,7793032,4996509,,75826374
1665532800,2022-10-12,60776717,1641799,710300,9612651,4993245,,77734712
1665619200,2022-10-13,60777017,1632114,707404,9700785,4993245,,77810565
1665705600,2022-10-14,60775509,1622369,706296,10716770,4993245,,78814189
1665792000,2022-10-15,60777930,1633683,704693,10848611,5001711,,78966628
1665878400,2022-10-16,60782528,1657881,707714,10916954,5001711,,79066788
1665964800,2022-10-17,60782062,1632936,705196,10835016,5064659,,79019869
1666051200,2022-10-18,60777930,1661615,716616,12621918,5064659,,80842738
1666137600,2022-10-19,60781336,1663363,713874,12511129,5064659,,80734361
1666224000,2022-10-20,60783142,1588878,699928,12333184,5024502,,80429634
1666310400,2022-10-21,60777930,1611243,715236,12601467,5024502,,80730378
1666396800,2022-10-22,60777930,1609971,706355,12560412,5071864,,80726532
1666483200,2022-10-23,60781484,1588495,703550,12415333,5071864,,80560726
1666569600,2022-10-24,60778247,1606674,712328,12503576,5071864,,80672689
1666656000,2022-10-25,60787162,1616314,697129,12531288,5085394,,80717287
1666742400,2022-10-26,60780326,1627938,704178,12664025,5085394,,80861861
1666828800,2022-10-27,60787905,1639840,707188,12937101,5128016,,81200050
1666915200,2022-10-28,60787140,1613790,688962,12641209,5128016,,80859117
1667001600,2022-10-29,60782734,1570163,669529,12244658,5128016,,80395100
1667088000,2022-10-30,60793689,1613921,686348,12635704,5127009,,80856671
1667174400,2022-10-31,60789085,1629770,696117,12718264,5086279,,80919515
1667260800,2022-11-01,60777930,1634917,693767,12842215,5086279,,81035108
1667347200,2022-11-02,60768206,1621866,690218,12642962,5086279,,80809531
1667433600,2022-11-03,60773993,1652771,704370,12679727,5049315,,80860176
1667520000,2022-11-04,60783823,1641473,694174,12547754,5049315,,80716539
1667606400,2022-11-05,60776948,1629105,709301,12853704,5136525,,81105583
1667692800,2022-11-06,60791781,1588464,692336,12482978,5136525,,80692084
1667779200,2022-11-07,60777930,1609149,688691,12480918,5136525,,80693213
1667865600,2022-11-08,60780969,1629735,702365,12744526,5154035,,81011630
1667952000,2022-11-09,60799612,1537146,699719,12421800,5154035,,80612312
1668038400,2022-11-10,60730664,1509774,706816,12429897,5243692,,80620843
1668124800,2022-11-11,60680685,1444719,596636,12006146,5243692,,79971878
1668211200,2022-11-12,60653335,1446275,602437,12032925,5243692,,79978664
1668297600,2022-11-13,60674608,1438327,596468,12086242,5330993,,80126638
1668384000,2022-11-14,60703974,1397459,584720,11754514,5330993,,79771660
1668470400,2022-11-15,60692841,1377039,597773,11874849,5328945,,79871447
1668556800,2022-11-16,60717152,1388452,599720,11924992,5328945,,79959261
1668643200,2022-11-17,60723230,1347815,595385,11814114,5328945,,79809489
1668729600,2022-11-18,60735385,1345782,597266,11524387,4501844,,78704664
1668816000,2022-11-19,60717152,1351250,598857,11876848,4495119,,79039226
1668902400,2022-11-20,60744502,1338262,598236,11688294,5436559,,79805853
1668988800,2022-11-21,60704996,1324219,587460,11670086,4495119,,78781880
1669075200,2022-11-22,60717152,1348375,522567,12093932,4451694,,79133720
1669161600,2022-11-23,60739825,1324004,519985,11585814,4451694,,78621322
1669248000,2022-11-24,60704996,1337891,515933,11525312,4522170,,78606302
1669334400,2022-11-25,60730843,1306071,506203,11131248,5469275,,79143640
1669420800,2022-11-26,60761876,1337872,518436,11577534,5469275,,79664993
1669507200,2022-11-27,60748467,1320495,507195,11346332,5472818,,79395307
1669593600,2022-11-28,60744502,1319403,510873,11353894,5435536,,79364208
1669680000,2022-11-29,40761619,1327388,517919,11362205,5435536,,59404667
1669766400,2022-11-30,40761619,1309837,509025,11316396,5435536,,59332413
1669852800,2022-12-01,40777930,1339927,512409,11360489,5468543,,59459298
1669939200,2022-12-02,40782008,1343717,512901,11346892,5468543,,59454061
1670025600,2022-12-03,40783231,1338322,510561,11268944,5526917,,59427975
1670112000,2022-12-04,40783639,1360771,504047,11229394,5526917,,59404768
1670198400,2022-12-05,40781600,1369250,510406,11296787,5526917,,59484960
1670284800,2022-12-06,40781192,1381678,509442,12327372,5510694,,60510378
1670371200,2022-12-07,40777930,1372449,511643,12369050,5518816,,60549888
1670457600,2022-12-08,40776299,1378014,511007,12306743,5518816,,60490879
1670544000,2022-12-09,40777930,1383714,509992,12312335,5518816,,60502787
1670630400,2022-12-10,40777930,1368274,506034,12183185,5537058,,60372481
1670716800,2022-12-11,40777930,1378369,509435,12262363,5537058,,60465155
1670803200,2022-12-12,40777930,1401508,506977,12108518,5534250,,60329183
1670889600,2022-12-13,40786086,1373381,505161,12199056,5534250,,60397934
1670976000,2022-12-14,40777930,1396604,514355,12415018,5534250,,60638157
1671062400,2022-12-15,40780946,1370502,507126,12142550,4750888,,59552012
1671148800,2022-12-16,40777930,1374836,511441,12280825,4750888,,59695920
1671235200,2022-12-17,40780438,1329239,512568,12287259,4714552,,59624056
1671321600,2022-12-18,40786086,1340106,512364,12229550,4714552,,59582658
1671408000,2022-12-19,40782823,1328419,509436,12071455,4714552,,59406685
1671494400,2022-12-20,40779561,1287533,519469,12120233,4722473,,59429269
1671580800,2022-12-21,40777930,1294576,453622,12132683,4722473,,59381284
1671667200,2022-12-22,40777930,1274354,446914,11911025,4717561,,59127784
1671753600,2022-12-23,40775925,1336065,461893,12269018,4717561,,59560462
1671840000,2022-12-24,40777930,1309123,450932,12016263,4717561,,59271809
1671926400,2022-12-25,40777930,1310983,451380,11943276,4746884,,59230453
1672012800,2022-12-26,40777930,1291654,449371,11856405,4734576,,59109936
1672099200,2022-12-27,40778206,1293653,450564,11979810,4734576,,59236809
1672185600,2022-12-28,40765697,1309509,452645,12019835,4521787,,59069473
1672272000,2022-12-29,40761619,1304411,457789,11968402,4517278,,59009499
1672358400,2022-12-30,40762434,1307802,460525,12049781,4517278,,59097820
1672444800,2022-12-31,40757543,1273778,455172,11813585,4558760,,58858838
1672531200,2023-01-01,40766138,1259427,449099,11693778,4558760,,58727202
1672617600,2023-01-02,40761619,1262083,447997,11539188,4558760,,58569647
1672704000,2023-01-03,40763658,1284538,453760,11663506,4537597,,58703059
1672790400,2023-01-04,40763453,1289327,455114,11793521,4537597,,58839012
1672876800,2023-01-05,40765697,1265814,456421,11782884,4471547,,58742363
1672963200,2023-01-06,40761619,1265541,457333,11761591,4471547,,58717631
1673049600,2023-01-07,40764677,1273596,461893,12011371,4471547,,58983084
1673136000,2023-01-08,40767336,1256797,451209,11696265,4531989,,58703596
1673222400,2023-01-09,40784213,1289287,458245,11759153,4531989,,58822887
1673308800,2023-01-10,40777930,1288844,454002,11753018,4563871,,58837665
1673395200,2023-01-11,40776924,1270376,451206,11671304,4563871,,58733681
1673481600,2023-01-12,40778338,1299849,461437,11956180,4563871,,59059675
1673568000,2023-01-13,40781042,1274096,455374,11864584,4615456,,58990552
1673654400,2023-01-14,40781364,1308650,460981,11973372,4608490,,59132857
1673740800,2023-01-15,40782008,1314313,442553,11833624,4608490,,58980988
1673827200,2023-01-16,40793907,1319604,444156,11737430,4608490,,58903587
1673913600,2023-01-17,40783106,1303413,437759,11802823,4603388,,58930489
1674000000,2023-01-18,40787344,1302302,437985,11699062,4603388,,58830081
1674086400,2023-01-19,40777930,1284847,436085,11610936,4604236,,58714034
1674172800,2023-01-20,40777522,1295871,441281,11713618,4604236,,58832528
1674259200,2023-01-21,40782008,1318465,449918,11941824,4604236,,59096451
1674345600,2023-01-22,40786086,1312517,435333,11731751,4622887,,58888574
1674432000,2023-01-23,40795465,1391436,440482,12038809,4622887,,59289079
1674518400,2023-01-24,40777948,1351468,428722,11830603,4628208,,59016949
1674604800,2023-01-25,40786022,1333030,422886,11567642,4628208,,58737788
1674691200,2023-01-26,40782008,1349823,429099,11765978,4628208,,58955116
1674777600,2023-01-27,40788292,1344726,432269,11942871,4629680,,59137838
1674864000,2023-01-28,40790163,1345345,432269,11944713,4629680,,59142170
1674950400,2023-01-29,40794239,1354240,432269,11947399,4620565,,59148712
1675036800,2023-01-30,40783809,1362816,432269,11955752,4620565,,59155211
1675123200,2023-01-31,40779168,1358340,432269,11958406,4620565,,59148748
1675209600,2023-02-01,40785871,1358535,432269,11954323,4615787,,59146785
1675296000,2023-02-02,40782703,1369780,432269,11956675,4634491,,59175918
1675382400,2023-02-03,40786901,1372917,432269,11958879,4634491,,59185457
1675468800,2023-02-04,40782008,1374068,432269,11961178,4634491,,59184014
1675555200,2023-02-05,40786493,1374837,432269,11964618,4594843,,59153060
1675641600,2023-02-06,40787348,1372809,432269,11967141,4594843,,59154410
1675728000,2023-02-07,40781853,1375308,432269,11973427,4560531,,59123388
1675814400,2023-02-08,40783666,1382408,432269,11976216,4560531,,59135090
1675900800,2023-02-09,40779966,1395113,432269,11988857,4506878,,59103083
1675987200,2023-02-10,40784454,1386757,432269,11991208,4510556,,59105244
1676073600,2023-02-11,40782008,1401410,432269,11993534,4489170,,59098391
1676160000,2023-02-12,40783236,1401410,432269,11995845,4489170,,59101930
1676246400,2023-02-13,40782823,1399712,432269,11998151,4489170,,59102125
1676332800,2023-02-14,40798761,1387536,432269,12010308,4506979,,59135853
1676419200,2023-02-15,40794241,1386328,432269,12012614,4506979,,59132431
1676505600,2023-02-16,40787437,1399387,432269,12033650,4479541,,59132284
1676592000,2023-02-17,40781600,1400604,432269,12036396,4479541,,59130410
1676678400,2023-02-18,40777930,1403028,432269,12055838,4479541,,59148606
1676764800,2023-02-19,40789544,1401299,432269,12057781,4500928,,59181821
1676851200,2023-02-20,40789522,1394238,432269,12058391,4486604,,59161024
1676937600,2023-02-21,40780572,1397866,432269,12061058,4486604,,59158369
1677024000,2023-02-22,40782963,1399850,432269,12071339,4486604,,59173025
1677110400,2023-02-23,40782598,1420495,432269,12088044,4454329,,59177735
1677196800,2023-02-24,40782600,1420495,432269,12088550,4454329,,59178243
1677283200,2023-02-25,40778542,1420495,432269,12093803,4440450,,59165559
1677369600,2023-02-26,40781865,1420495,432269,12098199,4440450,,59173278
1677456000,2023-02-27,40777930,1420495,432269,12100422,4440450,,59171566
1677542400,2023-02-28,40777930,1420495,432269,12103243,4455997,,59189934
1677628800,2023-03-01,43782308,1407987,432269,13606053,4455997,,63684614
1677715200,2023-03-02,43782731,1406634,432269,13611854,4451322,,63684810
1677801600,2023-03-03,43778087,1407481,432269,13614444,4451322,,63683603
1677888000,2023-03-04,43780557,1407893,432269,13617183,4451322,,63689224
1677974400,2023-03-05,43779681,1394550,432269,13619768,4469431,,63695699
1678060800,2023-03-06,43782308,1394550,432269,13621457,4469431,,63700015
1678147200,2023-03-07,43776617,1399050,432269,13639098,4430305,,63677339
1678233600,2023-03-08,43773642,1404107,432269,13641599,4430305,,63681922
1678320000,2023-03-09,43773552,1396640,432269,13647743,4430305,,63680509
1678406400,2023-03-10,43773552,1369950,382269,14176276,4446143,,64148190
1678492800,2023-03-11,43909264,1351526,382269,14268427,4471529,,64383015
1678579200,2023-03-12,43777930,1276157,370348,11376014,4471529,,61271978
1678665600,2023-03-13,44215709,1280349,376294,11459896,4471529,,61803777
1678752000,2023-03-14,36925042,1286021,378183,11270996,4503674,,54363916
1678838400,2023-03-15,36814708,1289854,381086,11315080,4503674,,54304402
1678924800,2023-03-16,36998598,1309292,382142,11340300,4457752,,54488084
1679011200,2023-03-17,36998598,1350887,381131,11307230,4457752,,54495598
1679097600,2023-03-18,36961820,1388250,384945,11379460,4457752,,54572227
1679184000,2023-03-19,37072153,1362901,380915,11356476,4525711,,54698156
1679270400,2023-03-20,37035376,1397411,388003,11458128,4501873,,54780791
1679356800,2023-03-21,37182487,1360559,379073,11295403,4501873,,54719395
1679443200,2023-03-22,36998598,1364670,384180,11419096,4501873,,54668417
1679529600,2023-03-23,36998598,1384586,387239,11227871,4564969,,54563263
1679616000,2023-03-24,36961820,1382761,382028,11418042,4564969,,54709620
1679702400,2023-03-25,37035376,1399972,379842,11465035,4526106,,54806331
1679788800,2023-03-26,37072153,1394493,365999,11398139,4526106,,54756890
1679875200,2023-03-27,36814708,1387431,375138,11435115,4526106,,54538498
1679961600,2023-03-28,36814708,1371480,364104,11423921,4538656,,54512869
1680048000,2023-03-29,36814708,1387069,373248,11409703,4553956,,54538684
1680134400,2023-03-30,36777930,1378490,377230,11455061,4553956,,54542667
1680220800,2023-03-31,36888264,1385370,370298,11445326,4553956,,54643214
1680307200,2023-04-01,36814708,1394238,373017,11484891,4564349,,54631203
1680393600,2023-04-02,36814708,1398493,374093,11452750,4564349,,54604393
1680480000,2023-04-03,36851486,1430908,367350,11450684,4580847,,54681275
1680566400,2023-04-04,36851486,1423399,373119,11491725,4580847,,54720576
1680652800,2023-04-05,36814708,1388888,363070,11444600,4471779,,54483045
1680739200,2023-04-06,36814708,1391563,375198,11452725,4470307,,54504501
1680825600,2023-04-07,36814708,1364960,369439,11416423,4470307,,54435837
1680912000,2023-04-08,36814708,1383378,366494,11436381,4507743,,54508704
1680998400,2023-04-09,36851486,1382528,367069,11512978,4507743,,54621804
1681084800,2023-04-10,36777930,1385227,367546,11488261,4507743,,54526707
1681171200,2023-04-11,36851486,1380499,365449,11415588,4456599,,54469621
1681257600,2023-04-12,36814708,1376592,361699,11473991,4456599,,54483589
1681344000,2023-04-13,36851486,1382818,365176,11522545,4531298,,54653323
1681430400,2023-04-14,36888264,1386692,371345,11492282,4531298,,54669881
1681516800,2023-04-15,36851486,1364634,375875,11396513,4531298,,54519806
1681603200,2023-04-16,36814708,1367034,378461,11507587,4552025,,54619815
1681689600,2023-04-17,36777930,1358442,378698,11471547,4479107,,54465724
1681776000,2023-04-18,36814708,1373665,373521,11442821,4479107,,54483822
1681862400,2023-04-19,36777930,1372044,375150,11465291,4533730,,54524145
1681948800,2023-04-20,36814708,1363892,378500,11486091,4545011,,54588202
1682035200,2023-04-21,36777930,1364447,371793,11319117,4545011,,54378298
1682121600,2023-04-22,36777930,1362464,362365,11219006,4605048,,54326813
1682208000,2023-04-23,36814708,1373840,365377,11418056,4605048,,54577029
1682294400,2023-04-24,36814708,1361433,361664,11516394,4605048,,54659247
1682380800,2023-04-25,36814708,1361698,327200,11467252,4588845,,54559703
1682467200,2023-04-26,36777930,1386761,333695,11267840,4583797,,54350023
1682553600,2023-04-27,36888264,1399170,339905,11319616,4583797,,54530752
1682640000,2023-04-28,36851486,1376598,337072,11356265,4583797,,54505218
1682726400,2023-04-29,36851486,1373604,335364,11398773,4617781,,54577008
1682812800,2023-04-30,36814708,1376285,336924,11223506,4617781,,54369204
1682899200,2023-05-01,36814708,1369520,334471,11219012,4552046,,54289757
1682985600,2023-05-02,36814708,1367063,330752,11268882,4552046,,54333451
1683072000,2023-05-03,36851486,1368484,333348,11386640,4552046,,54492004
1683158400,2023-05-04,36814708,1382450,335883,11382809,4593538,,54509388
1683244800,2023-05-05,36777930,1371589,333650,11369615,4652414,,54505198
1683331200,2023-05-06,36851486,1373378,336769,11271475,4652414,,54485522
1683417600,2023-05-07,36851486,1365996,328526,11287083,4652414,,54485505
1683504000,2023-05-08,36768993,1359204,330197,11381467,4572620,,54412481
1683590400,2023-05-09,36814708,1320851,330609,11273999,4572620,,54312787
1683676800,2023-05-10,36851486,1315521,329930,11390018,4557785,,54444740
1683763200,2023-05-11,36814708,1324013,329846,11448434,4557785,,54474786
1683849600,2023-05-12,36814708,1303546,331279,11451181,4557785,,54458499
1683936000,2023-05-13,36851486,1311597,333745,11562697,4539985,,54599510
1684022400,2023-05-14,36814708,1308630,328274,11523999,4539985,,54515596
1684108800,2023-05-15,36814708,1305291,330337,11613363,4512503,,54576202
1684195200,2023-05-16,36814708,1312333,333157,11578748,4512503,,54551449
1684281600,2023-05-17,36814708,1330650,334678,11617996,4512503,,54610535
1684368000,2023-05-18,36777930,1324286,333135,11557057,4497743,,54490151
1684454400,2023-05-19,36777930,1332069,332965,11569186,4497743,,54509893
1684540800,2023-05-20,36777930,1324148,331720,11580632,4489263,,54503693
1684627200,2023-05-21,36814708,1326444,331656,11488684,4489263,,54450755
1684713600,2023-05-22,36777930,1321155,331579,11580344,4489263,,54500271
1684800000,2023-05-23,36777930,1313006,329810,11588274,3945933,,53954953
1684886400,2023-05-24,36814708,1312847,330657,11634312,3925774,,54018298
1684972800,2023-05-25,36777930,1311716,329141,11606555,3925774,,53951116
1685059200,2023-05-26,36771200,1316381,328969,11588186,3925774,,53930510
1685145600,2023-05-27,36777930,1311062,330570,11630652,3916939,,53967153
1685232000,2023-05-28,36769876,1316281,332277,11542629,3916939,,53878002
1685318400,2023-05-29,36814708,1333853,335012,11658071,3907923,,54049567
1685404800,2023-05-30,36760166,1329995,333600,11475144,3907923,,53806828
1685491200,2023-05-31,36766786,1320734,332159,11525920,3907923,,53853522
1685577600,2023-06-01,36814708,1331020,332868,11606883,3903117,,53988596
1685664000,2023-06-02,36776606,1314501,326971,11587468,3903117,,53908663
1685750400,2023-06-03,36814708,1333341,334080,12601875,3910435,,54994439
1685836800,2023-06-04,36777930,1333341,335012,12589778,3910435,,54946496
1685923200,2023-06-05,36777930,1318558,329667,12566218,3910435,,54902808
1686009600,2023-06-06,36777930,1329879,332640,12659431,3909606,,55009486
1686096000,2023-06-07,36776827,1313643,330088,12031001,3909606,,54361165
1686182400,2023-06-08,36814708,1317185,326075,12504760,3935505,,54898233
1686268800,2023-06-09,36851486,1233474,325212,12621871,3935505,,54967548
1686355200,2023-06-10,36776753,1202735,323919,12590808,3935505,,54829720
1686441600,2023-06-11,36814708,1097166,330648,12380919,3925027,,54548468
1686528000,2023-06-12,36814708,1083944,325045,12190728,3928258,,54342683
1686614400,2023-06-13,36770501,1093306,328106,12105783,3928258,,54225954
1686700800,2023-06-14,36777930,1111919,329435,12089122,3928258,,54236664
1686787200,2023-06-15,36777930,1124831,325986,12087545,3957879,,54274171
1686873600,2023-06-16,36719380,1091519,326645,12125813,3957879,,54221236
1686960000,2023-06-17,36752296,1100964,327137,12154439,3999123,,54333959
1687046400,2023-06-18,36770133,1106295,329180,12149883,3999123,,54354614
1687132800,2023-06-19,36763954,1106529,328681,12158629,3999123,,54356916
1687219200,2023-06-20,36762115,1113023,329966,12194371,3987149,,54386624
1687305600,2023-06-21,36888264,1121193,332188,12195420,3987149,,54524214
1687392000,2023-06-22,36762446,1134312,335506,12146558,3998786,,54377608
1687478400,2023-06-23,36749795,1114905,328455,12082401,3998786,,54274342
1687564800,2023-06-24,36752516,1123064,329474,12100525,3998786,,54304365
1687651200,2023-06-25,36851486,1127970,330068,12112207,3984499,,54406230
1687737600,2023-06-26,36766639,1121519,328613,11978369,3984499,,54179639
1687824000,2023-06-27,36777158,1127933,326009,12159835,3999557,,54390492
1687910400,2023-06-28,36888264,1110434,323552,12159675,3999557,,54481482
1687996800,2023-06-29,36738725,1116214,323649,12158338,3999557,,54336483
1688083200,2023-06-30,36770832,1125398,324899,12185146,3966658,,54372933
1688169600,2023-07-01,36777930,1145781,330606,12129187,3984499,,54368003
1688256000,2023-07-02,36770391,1140490,326964,12145148,3984499,,54367492
1688342400,2023-07-03,36772082,1144975,328640,12287738,3984499,,54517934
1688428800,2023-07-04,36777930,1136716,305709,12246624,3983351,,54450330
1688515200,2023-07-05,36777930,1143508,304208,12192644,3928784,,54347074
1688601600,2023-07-06,36760975,1135063,303595,12233528,3920369,,54353530
1688688000,2023-07-07,36756672,1123093,303508,12257032,3920369,,54360674
1688774400,2023-07-08,36814708,1135410,305290,12300764,3920369,,54476541
1688860800,2023-07-09,36777930,1141866,308273,12327832,3949200,,54505101
1688947200,2023-07-10,36750163,1109197,299703,12228090,3962000,,54349153
1689033600,2023-07-11,36768552,1127211,305052,12281693,3962000,,54444508
1689120000,2023-07-12,36777930,1143597,309196,12333997,3962000,,54526720
1689206400,2023-07-13,36777930,1144173,305842,12291287,4010651,,54529883
1689292800,2023-07-14,36814708,1129245,307657,12254689,4010651,,54516950
1689379200,2023-07-15,36814708,1148951,306536,12294792,4045139,,54610126
1689465600,2023-07-16,36814708,1145266,305117,12290592,4045139,,54600822
1689552000,2023-07-17,36777930,1158068,305123,12294242,4045139,,54580502
1689638400,2023-07-18,36777930,1170681,308273,12233148,4045999,,54536031
1689724800,2023-07-19,36777930,1149066,302870,12092222,4033817,,54355905
1689811200,2023-07-20,36767264,1157086,304858,12195383,4033817,,54458408
1689897600,2023-07-21,36777930,1162589,302471,12203733,2862889,,53309612
1689984000,2023-07-22,36777930,1168225,303957,12272212,2844420,,53366744
1690070400,2023-07-23,36814708,1131756,293592,12101500,2844420,,53185976
1690156800,2023-07-24,36777930,1169234,305452,12006878,2826606,,53086100
1690243200,2023-07-25,36772855,1160471,302514,12206645,2826606,,53269091
1690329600,2023-07-26,36777930,1171941,302963,12299794,2826606,,53379234
1690416000,2023-07-27,36814708,1155230,302833,12301522,2830445,,53404738
1690502400,2023-07-28,36775834,1158652,305089,12278297,2830445,,53348317
1690588800,2023-07-29,36777930,1166663,308273,12354414,2818533,,53425813
1690675200,2023-07-30,36764984,1160927,305873,12361637,2818533,,53411954
1690761600,2023-07-31,36777930,1158311,307965,12390452,2818533,,53453191
1690848000,2023-08-01,36774988,1156540,303476,12350268,2809684,,53394956
1690934400,2023-08-02,36770280,1182868,308811,12361158,2809684,,53432801
1691020800,2023-08-03,36768809,1151804,300590,12342773,2797992,,53361968
1691107200,2023-08-04,36759909,1155142,299849,12319665,2797992,,53332557
1691193600,2023-08-05,36716952,1163821,301778,12304315,2797992,,53284858
1691280000,2023-08-06,36738614,1163057,302052,12155383,2817125,,53176231
1691366400,2023-08-07,36713311,1147969,300960,12076907,2811220,,53050367
1691452800,2023-08-08,36731774,1142470,301008,12383177,2811220,,53369649
1691539200,2023-08-09,36763145,1131017,301539,12390889,2811220,,53397810
1691625600,2023-08-10,36723903,1133392,299603,12304787,2804706,,53266391
1691712000,2023-08-11,36710516,1137815,301778,12399296,2804706,,53354111
1691798400,2023-08-12,36748802,1138107,302353,12368854,2799386,,53357502
1691884800,2023-08-13,36758033,1132886,302032,12359728,2799386,,53352065
1691971200,2023-08-14,36758217,1130429,299188,12381838,2799386,,53369058
1692057600,2023-08-15,36751156,1134661,300576,12333607,2786949,,53306949
1692144000,2023-08-16,36743874,1118143,303845,12401849,2786949,,53354660
1692230400,2023-08-17,36701101,1086033,298219,12263871,2778397,,53127621
1692316800,2023-08-18,36742770,1050590,299475,12352228,2778397,,53223460
1692403200,2023-08-19,36762410,1057296,293227,12414038,2778397,,53305368
1692489600,2023-08-20,36744241,1086283,300632,12400913,2782267,,53314336
1692576000,2023-08-21,36777930,1086283,301061,12445763,2782267,,53393304
1692662400,2023-08-22,36777930,1076103,299889,12339206,2771309,,53264437
1692748800,2023-08-23,36770096,1089183,302241,12364551,2771309,,53297380
1692835200,2023-08-24,36767191,1078473,299936,12351652,2771309,,53268561
1692921600,2023-08-25,36777930,1073884,296435,12078317,2759063,,52985629
1693008000,2023-08-26,36769618,1083530,301579,12356035,2758119,,53268881
1693094400,2023-08-27,36743506,1076028,297183,12320413,2758119,,53195249
1693180800,2023-08-28,36753620,1087772,302083,12355860,2758119,,53257454
1693267200,2023-08-29,36754245,1086311,302044,12456736,2765963,,53365299
1693353600,2023-08-30,36777930,1078859,297229,12283218,2765963,,53203199
1693440000,2023-08-31,36771898,1073503,293376,12385796,2770230,,53294803
1693526400,2023-09-01,36742255,1070292,299488,12376615,2770230,,53258880
1693612800,2023-09-02,36770832,1082797,301238,12449583,2770230,,53374680
1693699200,2023-09-03,36777930,1082797,300607,12381289,2756206,,53298829
1693785600,2023-09-04,36777930,1065538,297874,12250081,2756206,,53147629
1693872000,2023-09-05,36762777,1065538,298832,12381030,2740173,,53248350
1693958400,2023-09-06,36775539,1077220,296392,12377001,2740173,,53266325
1694044800,2023-09-07,36767816,1059517,299401,12399372,2740173,,53266279
1694131200,2023-09-08,36747625,1090837,301045,12469945,2733097,,53342549
1694217600,2023-09-09,36763844,1070649,297033,12437569,2733097,,53302192
1694304000,2023-09-10,36772634,1058659,295472,12119132,2738161,,52984058
1694390400,2023-09-11,36814708,1073074,298199,12325779,2738161,,53249921
1694476800,2023-09-12,36766492,1039987,295120,12373354,2738161,,53213114
1694563200,2023-09-13,36774694,1034288,299417,12288859,2747445,,53144703
1694649600,2023-09-14,36775576,1039419,299811,12239585,2717307,,53071698
1694736000,2023-09-15,36777930,1049271,299031,12092825,2717307,,52936364
1694822400,2023-09-16,36777930,1058584,302838,12511003,2712548,,53362903
1694908800,2023-09-17,36777930,1048185,301484,11816172,2721556,,52665327
1694995200,2023-09-18,36777930,1013828,298873,12428894,2721556,,53241081
1695081600,2023-09-19,36765867,1013909,299730,12249632,2991381,,53320519
1695168000,2023-09-20,36814708,1021981,302217,12243707,2991381,,53373994
1695254400,2023-09-21,36774436,1024292,300152,12044595,2991381,,53134856
1695340800,2023-09-22,36736077,1014804,295428,11919602,2985469,,52951380
1695427200,2023-09-23,36777930,1025977,303274,12086601,2986430,,53180212
1695513600,2023-09-24,36777930,1021910,304271,12198157,2986430,,53288698
1695600000,2023-09-25,36777930,1015841,298907,11684793,2986430,,52763901
1695686400,2023-09-26,36777930,1071947,303179,12293782,2966155,,53412993
1695772800,2023-09-27,36759798,1071324,304575,12339514,2966155,,53441366
1695859200,2023-09-28,36777930,1067192,303802,11841729,2958166,,52948819
1695945600,2023-09-29,36777930,1073564,305791,12089590,2958166,,53205041
1696032000,2023-09-30,36751229,1081738,307615,12247645,2958166,,53346393
1696118400,2023-10-01,36777930,1072137,303736,12127782,2963048,,53244633
1696204800,2023-10-02,36771715,1077722,304879,11694870,2934936,,52784122
1696291200,2023-10-03,36777930,1087646,299434,11746482,2934936,,52846428
1696377600,2023-10-04,36777930,1092331,297413,11904296,2934936,,53006906
1696464000,2023-10-05,36777930,1099221,302904,11928923,2942442,,53051420
1696550400,2023-10-06,36814708,1106581,299359,12267513,2942442,,53430603
1696636800,2023-10-07,36814708,1104633,300660,12372368,2966815,,53559184
1696723200,2023-10-08,36777930,1126350,301002,12442139,2966815,,53614236
1696809600,2023-10-09,36814708,1120743,299034,12413898,2966815,,53615198
1696896000,2023-10-10,36814708,1240199,328893,12555791,2962584,,53902175
1696982400,2023-10-11,36771457,1109118,297724,12248151,2962584,,53389034
1697068800,2023-10-12,36774546,1147831,299483,12392035,2950549,,53564444
1697155200,2023-10-13,36754024,1164180,301726,12386195,2950549,,53556674
1697241600,2023-10-14,36773222,1155649,300121,12423155,2950549,,53602696
1697328000,2023-10-15,36776606,1178609,295682,12451907,2944050,,53646854
1697414400,2023-10-16,36775760,1175105,295919,12467772,2944050,,53658606
1697500800,2023-10-17,36750714,1102937,305791,12507596,2960937,,53627975
1697587200,2023-10-18,36777930,1101769,301651,12432133,2960937,,53574420
1697673600,2023-10-19,36814708,1103165,297922,12399164,2960937,,53575896
1697760000,2023-10-20,36777930,1115666,301516,12417445,2964723,,53577280
1697846400,2023-10-21,36814708,1114563,302360,12423479,2968073,,53623183
1697932800,2023-10-22,36777930,1141800,303967,12402664,2968073,,53594434
1698019200,2023-10-23,36777930,1125762,302435,12390695,2968073,,53564895
1698105600,2023-10-24,36851486,1160444,307919,12526364,2988161,,53834374
1698192000,2023-10-25,36754797,1149469,305183,12504738,3735061,,54449248
1698278400,2023-10-26,36814708,1152762,305487,12505707,3697912,,54476576
1698364800,2023-10-27,36777930,1153179,304879,12483668,3697912,,54417568
1698451200,2023-10-28,36777930,1158905,305487,12499040,3697912,,54439274
1698537600,2023-10-29,36777930,1148675,303967,12488081,3700148,,54418801
1698624000,2023-10-30,36814708,1183521,304575,12516110,3700148,,54519062
1698710400,2023-10-31,36814708,1177960,302727,12488766,3702829,,54486990
1698796800,2023-11-01,36772818,1181970,300638,12472072,3702829,,54430327
1698883200,2023-11-02,36814708,1237709,304879,12500180,3702829,,54560305
1698969600,2023-11-03,36762042,1245020,303967,12488350,3716076,,54515455
1699056000,2023-11-04,36814708,1245020,304271,12523916,3716076,,54603991
1699142400,2023-11-05,36814708,1237902,302342,12507678,3756589,,54619219
1699228800,2023-11-06,36814708,1249261,306399,12529963,3756589,,54656920
1699315200,2023-11-07,39777930,1258085,304879,12532832,3756589,,57630315
1699401600,2023-11-08,39817708,1327480,305183,12574187,3744109,,57768667
1699488000,2023-11-09,39777930,1323912,304879,12540251,3734112,,57681084
1699574400,2023-11-10,39777930,1329377,307919,12670030,3734112,,57819368
1699660800,2023-11-11,39817708,1337620,304575,12578340,3734112,,57772355
1699747200,2023-11-12,39773793,1339806,303610,12567304,3744686,,57729199
1699833600,2023-11-13,39767906,1328468,304271,12564647,3744686,,57709978
1699920000,2023-11-14,39817708,1328921,297137,12505136,3807799,,57756701
1700006400,2023-11-15,39761343,1333879,303879,12593342,3807799,,57800242
1700092800,2023-11-16,39758558,1328428,303888,12565838,3807799,,57764511
1700179200,2023-11-17,39817708,1329717,297679,12552977,3799187,,57797268
1700265600,2023-11-18,39777930,1332290,302401,12567944,3799187,,57779752
1700352000,2023-11-19,39817708,1302854,305183,12544686,3817554,,57787985
1700438400,2023-11-20,39777930,1311450,303908,12572829,3817554,,57783671
1700524800,2023-11-21,39817708,1303799,302580,12553266,3817554,,57794907
1700611200,2023-11-22,39817708,1177981,299889,12521698,3821530,,57638806
1700697600,2023-11-23,39774708,1180302,343483,12578905,3821530,,57698928
1700784000,2023-11-24,39777930,1181307,325245,12563449,3831783,,57679714
1700870400,2023-11-25,39817708,1180132,308527,12553729,3831783,,57691879
1700956800,2023-11-26,39817708,1182262,312175,12597202,3831783,,57741130
1701043200,2023-11-27,39777930,1276488,305791,12531946,3829506,,57721661
1701129600,2023-11-28,39777930,1286453,307615,12509350,3852014,,57733362
1701216000,2023-11-29,39817708,1272336,302887,12472965,3852014,,57717910
1701302400,2023-11-30,39817708,1282182,304271,12479139,3852014,,57735314
1701388800,2023-12-01,39777930,1326221,306703,12460081,3812689,,57683624
1701475200,2023-12-02,39777930,1322262,298521,12473793,3812689,,57685195
1701561600,2023-12-03,39777930,1320826,302149,12455135,3810655,,57666695
1701648000,2023-12-04,39817708,1355962,300935,12412233,3810655,,57697493
1701734400,2023-12-05,39771605,1252123,307311,12517240,3810655,,57658934
1701820800,2023-12-06,39817708,1196023,304271,12596463,3778991,,57693456
1701907200,2023-12-07,39777930,1194461,304575,12481976,2967820,,56726762
1701993600,2023-12-08,39777930,1311325,299535,12509687,2967820,,56866297
1702080000,2023-12-09,39777930,1321617,305487,12555445,2967820,,56928299
1702166400,2023-12-10,39777930,1322855,302923,12461891,2963289,,56828888
1702252800,2023-12-11,39770690,1344395,301399,12586714,2963289,,56966487
1702339200,2023-12-12,39857486,1346877,306095,12601631,2970156,,57082245
1702425600,2023-12-13,39735487,1344610,305487,12616614,2970156,,56972354
1702512000,2023-12-14,39749051,1356226,303967,12569180,2970156,,56948580
1702598400,2023-12-15,39760627,1339614,303313,12535320,3023841,,56962715
1702684800,2023-12-16,39722440,1331045,295624,12335294,3000411,,56684814
1702771200,2023-12-17,39747023,1358983,298901,12491411,3000411,,56896729
1702857600,2023-12-18,39736084,1366668,297181,12476887,3000411,,56877231
1702944000,2023-12-19,39697539,1212318,303650,12521499,3004534,,56739540
1703030400,2023-12-20,39755575,1200326,297870,12468841,3004534,,56727146
1703116800,2023-12-21,39777930,1183102,299220,12460027,3027322,,56747601
1703203200,2023-12-22,39777930,1178047,303288,12585491,3027322,,56872078
1703289600,2023-12-23,39777930,1292950,308223,12503389,3027322,,56909814
1703376000,2023-12-24,39817708,1269485,301098,12424451,3032867,,56845609
1703462400,2023-12-25,39772640,1277694,300840,12437916,3032867,,56821957
1703548800,2023-12-26,39777930,1357038,304575,12454103,3037391,,56931037
1703635200,2023-12-27,39777811,1333987,300406,12462460,3037391,,56912055
1703721600,2023-12-28,39817708,1356690,303105,12488569,3037391,,57003463
1703808000,2023-12-29,39777930,1365916,297863,12490933,3044219,,56976861
1703894400,2023-12-30,39817708,1371037,301743,12533254,3044219,,57067961
1703980800,2023-12-31,39817708,1367304,300247,12504954,3035933,,57026146
1704067200,2024-01-01,39772719,1348120,299206,12574911,3035933,,57030889
1704153600,2024-01-02,39897264,1165816,303245,12551477,3035933,,56953735
1704240000,2024-01-03,39777930,1174050,299855,12562750,3009495,,56824080
1704326400,2024-01-04,39754143,1157457,296019,12526792,3010846,,56745257
1704412800,2024-01-05,39817708,1162949,297712,12504240,3010846,,56793455
1704499200,2024-01-06,39777930,1168178,287500,12590544,3010846,,56834998
1704585600,2024-01-07,39817708,1164856,284450,12492988,3013118,,56773120
1704672000,2024-01-08,39772998,1148187,270660,12242816,3013118,,56447779
1704758400,2024-01-09,39775464,1176718,292038,12497747,3006847,,56748814
1704844800,2024-01-10,39719098,1155610,293248,12526175,3006847,,56700978
1704931200,2024-01-11,39817708,1171567,290895,12413588,3006847,,56700605
1705017600,2024-01-12,39777930,1328188,295262,12400395,2856012,,56657787
1705104000,2024-01-13,39760865,1450913,290224,12286308,2851215,,56639525
1705190400,2024-01-14,39767946,1467677,296442,12495272,2851215,,56878552
1705276800,2024-01-15,39817708,1547830,296147,12450268,2851215,,56963168
1705363200,2024-01-16,39744755,1548099,302932,12417853,2846347,,56859986
1705449600,2024-01-17,39764366,1559060,298507,12439994,2846347,,56908274
1705536000,2024-01-18,39737396,1571894,293951,12458107,2829817,,56891165
1705622400,2024-01-19,39732384,1566332,294193,12454088,2829817,,56876814
1705708800,2024-01-20,39723872,1563884,291953,12439451,2829817,,56848977
1705795200,2024-01-21,39754342,1566019,291396,12454722,2835751,,56902230
1705881600,2024-01-22,39731032,1580043,291138,12421007,2828964,,56852184
1705968000,2024-01-23,39777930,1583299,288390,12437704,2828964,,56916287
1706054400,2024-01-24,39817708,1508325,294234,12483896,2828964,,56933127
1706140800,2024-01-25,39765957,1500320,290854,12459886,2829700,,56846717
1706227200,2024-01-26,39777930,1498267,289790,12398443,2829700,,56794130
1706313600,2024-01-27,39754461,1512439,297032,12499076,2825101,,56888109
1706400000,2024-01-28,39755654,1530279,295852,12471295,2825101,,56878181
1706486400,2024-01-29,39776617,1526057,291841,12457629,2825101,,56877245
1706572800,2024-01-30,39777930,1552520,297622,12568776,2817388,,57014236
1706659200,2024-01-31,39758677,1506148,287707,12384954,2817388,,56754874
1706745600,2024-02-01,39692686,1532631,290161,12538560,2827909,,56881947
1706832000,2024-02-02,39817708,1539199,294564,12540933,2827909,,57020313
1706918400,2024-02-03,39771327,1528496,296147,12555843,2827909,,56979722
1707004800,2024-02-04,39743522,1509556,293287,12468954,2808191,,56823510
1707091200,2024-02-05,39762536,1512686,289368,12421442,2808191,,56794223
1707177600,2024-02-06,39712296,1517937,289622,12472036,2797412,,56789303
1707264000,2024-02-07,39741692,1521594,289366,12490560,2797412,,56840624
1707350400,2024-02-08,39817708,1536014,294967,12568452,2797412,,57014553
1707436800,2024-02-09,39817708,1504861,295852,12558332,2802770,,56979523
1707523200,2024-02-10,39777930,1495198,294936,12489518,2804556,,56862138
1707609600,2024-02-11,39817708,1491331,294209,12474093,2804556,,56881897
1707696000,2024-02-12,39817708,1494666,294967,12558177,2804556,,56970074
1707782400,2024-02-13,39770651,1454787,296737,12623262,2801258,,56946695
1707868800,2024-02-14,39777930,1451941,294967,12550991,2801258,,56877087
1707955200,2024-02-15,39937042,1431274,296442,12609201,2963088,,57237047
1708041600,2024-02-16,39765877,1419776,297032,12563975,2963088,,57009748
1708128000,2024-02-17,39817708,1442405,298212,12558893,2963088,,57080306
1708214400,2024-02-18,39817708,1425686,296442,12586327,2964215,,57090378
1708300800,2024-02-19,39773873,1419531,295852,12563613,2963905,,57016774
1708387200,2024-02-20,39766633,1427288,297622,12604293,2963905,,57059741
1708473600,2024-02-21,39770730,1422951,298802,12619962,2963905,,57076350
1708560000,2024-02-22,39730634,1419591,295852,12647990,2976163,,57070230
1708646400,2024-02-23,39745710,1481628,314435,12554162,2976163,,57072098
1708732800,2024-02-24,39777930,1479623,299982,12544042,2979500,,57081077
1708819200,2024-02-25,39753109,1492673,309126,12606069,2979500,,57140477
1708905600,2024-02-26,39774310,1476889,306176,12518478,2979500,,57055353
1708992000,2024-02-27,39765838,1495065,308536,12636761,2984401,,57190601
1709078400,2024-02-28,39777930,1435778,302637,12631349,2981156,,57128850
1709164800,2024-02-29,39761343,1350372,317090,12937884,2981156,,57347845
1709251200,2024-03-01,39817708,1275276,305586,12674956,2981156,,57054682
1709337600,2024-03-02,39817708,1275626,313845,12630666,2983054,,57020899
1709424000,2024-03-03,39777930,1455607,330364,12629140,2983054,,57176095
1709510400,2024-03-04,39857486,1457156,304111,12568941,2985379,,57173073
1709596800,2024-03-05,39857486,1431824,294267,12387309,2442686,,56413572
1709683200,2024-03-06,39817708,1485559,302342,12925593,1899994,,56431196
1709769600,2024-03-07,39726736,1477537,303816,12741395,1907811,1090,56158385
1709856000,2024-03-08,39857486,1473497,313255,12681364,1907811,1090,56234503
1709942400,2024-03-09,39857486,1475648,297917,12656543,1915688,1094,56204376
1710028800,2024-03-10,39857486,1476489,294513,12700904,1915688,1094,56246174
1710115200,2024-03-11,39777930,1485830,296737,12693631,1915688,1094,56170910
1710201600,2024-03-12,39754103,1486758,293949,12684227,1913437,1085,56133559
1710288000,2024-03-13,39817708,1487476,291900,12763940,1913437,1081,56275542
1710374400,2024-03-14,39817708,1494506,294113,12780032,1905103,1090,56292552
1710460800,2024-03-15,39857486,1503402,297622,10476794,1905103,1085,54041492
1710547200,2024-03-16,39857486,1405833,298802,10450006,1905103,1082,53918312
1710633600,2024-03-17,39817708,1401487,293393,10344936,1906371,1088,53764983
1710720000,2024-03-18,39764684,1379231,293677,10332737,1903417,1073,53674819
1710806400,2024-03-19,39777930,1315824,294784,10418853,1903417,1084,53711892
1710892800,2024-03-20,39897264,1299341,297032,10559257,1903417,1081,53957392
1710979200,2024-03-21,39777930,1287457,293067,10400162,1914647,1080,53674343
1711065600,2024-03-22,39817708,1297052,295557,10410098,1914647,1080,53736142
1711152000,2024-03-23,39756132,1346432,296147,10422160,1900782,1079,53722732
1711238400,2024-03-24,39817708,1329882,292836,10347982,1900782,1087,53690277
1711324800,2024-03-25,39727929,1344588,296147,10393067,1900782,1079,53663592
1711411200,2024-03-26,39777930,1348616,295262,11448151,1897053,1086,54768098
1711497600,2024-03-27,39774867,1373399,299982,11598509,1897053,1080,54944890
1711584000,2024-03-28,39817708,1371404,297917,11612743,1889000,1081,54989853
1711670400,2024-03-29,39777930,1356604,295262,11471809,1565269,1078,54467952
1711756800,2024-03-30,39769616,1372193,296737,11511948,1565269,1079,54516842
1711843200,2024-03-31,39817708,1364647,294146,11429396,1566582,1082,54473561
1711929600,2024-04-01,39777930,1367830,296442,11472494,1566582,1080,54482358
1712016000,2024-04-02,39755813,1355669,295262,11474694,1561952,1069,54444459
1712102400,2024-04-03,39739942,1328587,286552,11332775,1561952,1067,54250875
1712188800,2024-04-04,39817708,1301297,294036,11489014,1561952,1078,54465085
1712275200,2024-04-05,39777850,1292676,296737,11513969,1571860,1084,54454176
1712361600,2024-04-06,39817708,1295983,295557,11524247,1572896,1080,54507471
1712448000,2024-04-07,39777930,1289521,295262,11492221,1572896,1075,54428905
1712534400,2024-04-08,39754103,1294807,292990,11457481,1572896,1069,54373346
1712620800,2024-04-09,39745511,1299828,296737,11522202,1575517,1075,54440870
1712707200,2024-04-10,39759751,1282224,293097,11311241,1575517,1081,54222911
1712793600,2024-04-11,39761064,1279846,296147,11467469,1555856,1071,54361453
1712880000,2024-04-12,39817708,1283580,296442,11536963,1555856,1072,54491621
1712966400,2024-04-13,39817708,1267221,269953,11534209,1555856,1064,54446011
1713052800,2024-04-14,39768264,1177437,238211,11481600,1545990,1072,54212574
1713139200,2024-04-15,39777930,1218711,287983,11533518,1545990,1073,54365205
1713225600,2024-04-16,39817708,1197673,276387,11469662,1540611,1059,54303100
1713312000,2024-04-17,39817708,1193061,285336,11410404,1540611,1063,54248183
1713398400,2024-04-18,39757683,1174051,266841,11339942,1540611,1067,54080195
1713484800,2024-04-19,39817708,1188042,275630,11453720,1224476,1067,53960643
1713571200,2024-04-20,39777930,1199860,277316,11469981,1224476,1067,53950630
1713657600,2024-04-21,39777930,1213189,280527,11610019,1226209,1063,54108937
1713744000,2024-04-22,37256943,1197988,275963,11534155,1226209,1067,51492325
1713830400,2024-04-23,37277930,1201737,279920,11417293,1226209,1069,51404158
1713916800,2024-04-24,37262236,1205124,275679,11498679,1231354,1070,51474142
1714003200,2024-04-25,37273606,1203537,277211,11429070,1234167,1064,51418655
1714089600,2024-04-26,37267604,1187277,274282,11486218,1234167,1073,51450621
1714176000,2024-04-27,37232861,1184454,273469,11489566,1208851,1063,51390264
1714262400,2024-04-28,37243336,1195850,277102,11497524,1205416,1067,51420295
1714348800,2024-04-29,37250270,1183072,273993,11441063,1205416,1069,51354883
1714435200,2024-04-30,37248443,1172526,280527,11453465,1201998,1067,51358026
1714521600,2024-05-01,37269244,1154373,279695,11369863,1201998,1066,51276239
1714608000,2024-05-02,37230363,1157253,280247,11598006,135380,1064,50402313
1714694400,2024-05-03,37269617,1154882,279006,11544602,136193,1077,50385377
1714780800,2024-05-04,37315208,1166126,281647,11549023,136677,1080,50449761
1714867200,2024-05-05,37315208,1153155,277230,11526123,136677,1078,50409471
1714953600,2024-05-06,37277930,1157630,279853,11356874,136677,1080,50210044
1715040000,2024-05-07,37315208,1155371,278758,11490347,136705,1084,50377473
1715126400,2024-05-08,37276290,1140562,275400,11391408,136705,1081,50221446
1715212800,2024-05-09,37261900,1166825,280247,11699045,136848,1079,50545944
1715299200,2024-05-10,37276886,1160081,281647,11745367,136848,1080,50601909
1715385600,2024-05-11,37249599,1156334,279020,11711874,136848,1078,50534753
1715472000,2024-05-12,37277930,1148793,279481,11526151,136809,1079,50370243
1715558400,2024-05-13,37272935,1145500,276748,11573313,136979,1075,50406550
1715644800,2024-05-14,37277930,1157018,278740,11610351,136979,1079,50462097
1715731200,2024-05-15,37270959,1146770,276004,11569508,136979,1082,50401302
1715817600,2024-05-16,37277930,1156815,279967,11593711,138200,1084,50447707
1715904000,2024-05-17,37277930,1162597,280807,11682743,29317,1085,50434479
1715990400,2024-05-18,37273792,1150946,277767,11589739,29293,1084,50322621
1716076800,2024-05-19,37276737,1166678,281927,11797519,29293,1086,50553240
1716163200,2024-05-20,37277930,1152346,277541,11569432,29293,1084,50307626
1716249600,2024-05-21,37276141,1176488,283607,11694835,29242,1082,50461395
1716336000,2024-05-22,37273270,1164101,278089,11657356,29242,1081,50403139
1716422400,2024-05-23,37271630,1167133,279707,11667240,29110,1082,50415902
1716508800,2024-05-24,37271816,1168507,282207,11774669,29110,1080,50527389
1716595200,2024-05-25,37265516,1175143,282487,11828375,29110,1084,50581715
1716681600,2024-05-26,37277930,1157444,279476,11733365,29210,1084,50478509
1716768000,2024-05-27,37267977,1163356,279029,11617894,29210,1085,50358551
1716854400,2024-05-28,37242777,1162803,279967,11632900,29217,1083,50348747
1716940800,2024-05-29,37223579,1158710,278516,11620545,29217,,50310567
1717027200,2024-05-30,37232749,1157919,277651,11632392,29217,,50329928
1717113600,2024-05-31,37254892,1161031,279353,11708977,29164,,50433417
1717200000,2024-06-01,37247437,1181396,281647,11682718,29231,,50422429
1717286400,2024-06-02,37248480,1165104,278605,11669600,29231,,50391020
1717372800,2024-06-03,37270400,1158369,279144,11754697,29231,,50491841
1717459200,2024-06-04,37277930,1168900,281087,11756951,29367,,50514235
1717545600,2024-06-05,37275060,1144502,279352,11783724,29367,,50512005
1717632000,2024-06-06,37277930,1160357,278141,11785973,29326,,50531727
1717718400,2024-06-07,37276402,1154420,271668,11776408,29326,,50508224
1717804800,2024-06-08,37273941,1140370,265274,11726083,29326,,50434994
1717891200,2024-06-09,37270325,1141673,267048,11726192,29099,,50434337
1717977600,2024-06-10,37260708,1147276,271071,11728756,29099,,50436910
1718064000,2024-06-11,37274910,1172239,267632,11731044,28918,,50474743
1718150400,2024-06-12,37275022,1014940,239623,11728016,28918,,50286519
1718236800,2024-06-13,37256532,1141454,270666,11703366,28918,,50400936
1718323200,2024-06-14,37246915,1147366,273014,11730066,28911,,50426272
1718409600,2024-06-15,37266635,1141756,271704,11729919,28911,,50438925
1718496000,2024-06-16,37255526,1149109,279967,11734506,28816,,50447924
1718582400,2024-06-17,37276476,1134801,261905,11713780,28816,,50415778
1718668800,2024-06-18,37267753,1169493,280247,11684534,28816,,50430843
1718755200,2024-06-19,37248182,1137357,267217,11652075,28914,,50333745
1718841600,2024-06-20,37246020,1125903,266719,11628092,28826,,50295560
1718928000,2024-06-21,37252581,1137235,265353,11653823,28826,,50337818
1719014400,2024-06-22,37266038,1130007,264589,11630209,28826,,50319669
1719100800,2024-06-23,37245051,1128003,262768,11652843,28790,,50317455
1719187200,2024-06-24,37234128,1151906,273581,11654709,28790,,50343114
1719273600,2024-06-25,37277930,1187387,273180,11635327,28835,,50402659
1719360000,2024-06-26,37259105,1226104,270029,11636071,28835,,50420144
1719446400,2024-06-27,37233457,1224810,268098,11638271,28835,,50393471
1719532800,2024-06-28,37210792,1240344,267535,11658414,28831,,50405916
1719619200,2024-06-29,37218844,1236436,267299,11642735,28831,,50394145
1719705600,2024-06-30,37230923,1260347,275120,11716264,28905,,50511559
1719792000,2024-07-01,37246542,1220739,269871,11671840,28905,,50437897
1719878400,2024-07-02,37237409,1237168,273536,11681016,28905,,50458034
1719964800,2024-07-03,37250195,1229339,264940,11686303,28939,,50459716
1720051200,2024-07-04,37228164,1217125,265027,11676555,23550,,50410421
1720137600,2024-07-05,37315208,1230645,269546,11629013,23768,,50468180
1720224000,2024-07-06,37277930,1219027,275393,11497869,23768,,50293987
1720310400,2024-07-07,37261304,1202919,265503,11524571,23768,,50278065
1720396800,2024-07-08,37264845,1216486,274827,11529332,23720,,50309210
1720483200,2024-07-09,37248630,1211674,276817,11529617,23696,,50290434
1720569600,2024-07-10,37276812,1210344,272465,11504043,23696,,50287360
1720656000,2024-07-11,37277930,1202198,271790,11530581,23696,,50306195
1720742400,2024-07-12,37277930,1223309,276542,11532034,23825,,50333640
1720828800,2024-07-13,37389764,1219729,277369,11530265,23825,,50440952
1720915200,2024-07-14,37277930,1200900,276817,11520329,23852,,50299828
1721001600,2024-07-15,37315208,1224275,278196,11534702,23852,,50376233
1721088000,2024-07-16,37315208,1207376,274010,11520282,23852,,50340728
1721174400,2024-07-17,37277930,1201246,274036,11546130,23888,,50323230
1721260800,2024-07-18,37271593,1210307,274910,11525089,23884,,50305783
1721347200,2024-07-19,37277930,1195991,272667,11548881,23884,,50319353
1721433600,2024-07-20,37389764,1212910,275714,11525728,23884,,50428000
1721520000,2024-07-21,37275880,1233305,279850,11526794,23864,,50339693
1721606400,2024-07-22,37315208,1199213,272205,11561670,23864,,50372160
1721692800,2024-07-23,37277930,1216299,269116,11475418,23773,,50262536
1721779200,2024-07-24,37265516,1186542,264021,11565134,23773,,50304986
1721865600,2024-07-25,37268499,1240699,271095,11567041,23773,,50371107
1721952000,2024-07-26,37271183,1170617,272508,11569859,23777,,50307944
1722038400,2024-07-27,37259738,1167270,269313,11540386,23821,,50260528
1722124800,2024-07-28,37274538,1160948,260796,11550849,23821,,50270952
1722211200,2024-07-29,37274426,1153801,253861,11551349,23821,5,50257263
1722297600,2024-07-30,37277930,1168440,253418,11577132,23706,5,50300631
1722384000,2024-07-31,37277930,1145343,249225,11554206,23706,5,50250415
1722470400,2024-08-01,37315208,1165114,274062,11576223,23634,5,50354246
1722556800,2024-08-02,37315208,1164999,274062,11578443,23634,2173,50358519
1722643200,2024-08-03,37315208,1165718,274062,11580663,23634,2173,50361458
1722729600,2024-08-04,37315208,1164998,274062,11582883,23919,2200,50363270
1722816000,2024-08-05,37315208,1160482,274062,11585213,23919,2200,50361084
1722902400,2024-08-06,37315208,1128369,271697,11394802,18693,2202,50130971
1722988800,2024-08-07,37270959,1061878,270464,11443196,18693,2202,50067392
1723075200,2024-08-08,37501598,1070841,277093,11445854,18693,2202,50316281
1723161600,2024-08-09,37315208,1070318,274432,11332661,18674,2199,50013492
1723248000,2024-08-10,37277930,1062381,275990,11391320,18674,2199,50028494
1723334400,2024-08-11,37215117,1066888,267360,11408059,18670,2199,49978293
1723420800,2024-08-12,37315208,1069833,271379,11411548,18670,2199,50088837
1723507200,2024-08-13,37277930,1068068,275714,11342909,18670,2199,49985490
1723593600,2024-08-14,37277930,1067682,269616,11323406,18813,2216,49959663
1723680000,2024-08-15,37315208,1067166,265601,11324166,18773,2211,49993125
1723766400,2024-08-16,37274761,1071742,271229,11349925,18773,2211,49988641
1723852800,2024-08-17,37277930,1071078,272037,11354284,18773,2211,49996313
1723939200,2024-08-18,37277930,1071755,273997,11331836,18874,2223,49976615
1724025600,2024-08-19,37277930,1070357,273233,11352832,18874,2223,49995449
1724112000,2024-08-20,37277930,1070224,273024,11359738,19038,2242,50002196
1724198400,2024-08-21,37273457,1069092,275007,11197328,19038,2242,49836164
1724284800,2024-08-22,37266262,1071098,274884,11174204,19038,2242,49807728
1724371200,2024-08-23,37277930,1072296,279299,11177322,19019,2240,49828106
1724457600,2024-08-24,37250904,1069145,277644,11162694,19019,2240,49781646
1724544000,2024-08-25,37315208,1069991,275714,11164630,19144,2255,49846942
1724630400,2024-08-26,37272338,1068136,269821,11168213,19144,2255,49799907
1724716800,2024-08-27,37256048,1071427,269162,11161201,19144,2255,49779237
1724803200,2024-08-28,37315208,1068135,275658,11161168,19123,2252,49841544
1724889600,2024-08-29,37273270,1068723,268455,11164460,19123,2252,49796283
1724976000,2024-08-30,37274053,1065460,274272,11195241,18924,2229,49830179
1725062400,2024-08-31,37277930,1065318,264028,11164434,18924,2229,49792863
1725148800,2024-09-01,37219366,1064493,261501,11188238,18924,2229,49754751
1725235200,2024-09-02,37315208,1063735,263368,11185801,18896,2226,49849234
1725321600,2024-09-03,37264435,1066634,257625,11210243,18902,2226,49820065
1725408000,2024-09-04,37276849,1059504,260423,11183310,18902,2226,49801214
1725494400,2024-09-05,37275209,1054403,255361,11208018,18902,2226,49814119
1725580800,2024-09-06,37271928,1062805,247557,11215065,19011,2239,49818605
1725667200,2024-09-07,37265144,1054746,257202,11164546,19011,2239,49762888
1725753600,2024-09-08,37251761,1055759,257371,11214996,18968,2234,49801089
1725840000,2024-09-09,37277930,1049953,260129,11218683,18968,2234,49827897
1725926400,2024-09-10,37315208,1054472,264596,11154296,18968,2234,49809774
1726012800,2024-09-11,37277930,1051047,257016,11204704,18854,2221,49811772
1726099200,2024-09-12,37272189,1055701,258127,11200628,18854,2221,49807720
1726185600,2024-09-13,37274650,1052458,260944,11202776,18970,2234,49812032
1726272000,2024-09-14,37277930,1054378,266484,11204941,18970,2234,49824937
1726358400,2024-09-15,37277930,1044419,262744,11208546,18970,2234,49814843
1726444800,2024-09-16,37315208,1051511,257945,11211894,18970,2234,49857762
1726531200,2024-09-17,37265852,1052586,258093,11237788,18970,2234,49835523
1726617600,2024-09-18,37273829.43,1051500.74,229189.3,11215686.57,19041.16,2242.56,49791489.76